id_votant,bureau_vote,candidat_choisi
423,Limoges,Jean Ticipe
3253,Bordeaux,Luc Ratif
1067,Grenoble,Luc Ratif
339,Saint-Étienne,Marie Rouanna
4460,Brest,Marie Rouanna
670,Reims,Luc Ratif
3207,Nice,Luc Ratif
3201,Paris,Éva Sionfiscal
2727,Angers,Luc Ratif
4077,Grenoble,Jean Ticipe
4028,Grenoble,Alain Broglio
3184,Nîmes,Éva Sionfiscal
180,Angers,Jean Ticipe
3890,Grenoble,Alain Broglio
1038,Toulon,Luc Ratif
2734,Paris,Éva Sionfiscal
1060,Le Havre,Luc Ratif
3861,Villeurbanne,Jean Ticipe
2282,Angers,Alain Broglio
3438,Reims,Éva Sionfiscal
109,Dijon,Jean Ticipe
4005,Aix-en-Provence,Alain Broglio
1720,Clermont-Ferrand,Éva Sionfiscal
1108,Lyon,Alain Broglio
1902,Tours,Jean Ticipe
4244,Reims,Alain Broglio
3679,Tours,Jean Ticipe
806,Bordeaux,Éva Sionfiscal
2210,Brest,Luc Ratif
4177,Grenoble,Jean Némarre
2498,Toulouse,Luc Ratif
3326,Villeurbanne,Alain Broglio
1128,Bordeaux,Luc Ratif
4576,Aix-en-Provence,Éva Sionfiscal
3190,Tours,Luc Ratif
411,Dijon,Luc Ratif
4563,Villeurbanne,Jean Némarre
4853,Dijon,Éva Sionfiscal
4495,Nice,Luc Ratif
3736,Marseille,Marie Rouanna
100,Nîmes,Alain Broglio
3410,Toulouse,Alain Broglio
575,Nice,Jean Némarre
3571,Nantes,Jean Némarre
1733,Nice,Marie Rouanna
2523,Toulouse,Marie Rouanna
954,Strasbourg,Marie Rouanna
1883,Le Havre,Éva Sionfiscal
3813,Clermont-Ferrand,Éva Sionfiscal
791,Nice,Alain Broglio
854,Brest,Jean Ticipe
336,Villeurbanne,Éva Sionfiscal
615,Toulouse,Éva Sionfiscal
3970,Le Havre,Éva Sionfiscal
318,Toulouse,Jean Némarre
4370,Limoges,Éva Sionfiscal
4727,Strasbourg,Alain Broglio
106,Lyon,Jean Némarre
4785,Lyon,Éva Sionfiscal
1919,Limoges,Marie Rouanna
3040,Le Havre,Jean Ticipe
1159,Paris,Alain Broglio
4607,Reims,Alain Broglio
1580,Montpellier,Éva Sionfiscal
715,Saint-Étienne,Éva Sionfiscal
4190,Angers,Alain Broglio
1173,Strasbourg,Éva Sionfiscal
4512,Marseille,Jean Ticipe
3508,Montpellier,Marie Rouanna
1568,Nîmes,Jean Némarre
2360,Dijon,Jean Némarre
1062,Limoges,Jean Némarre
3994,Clermont-Ferrand,Alain Broglio
1286,Rennes,Luc Ratif
846,Angers,Éva Sionfiscal
2417,Rennes,Marie Rouanna
2885,Dijon,Jean Némarre
497,Nîmes,Jean Ticipe
3625,Lille,Jean Ticipe
1189,Le Havre,Jean Ticipe
1673,Montpellier,Marie Rouanna
629,Lyon,Jean Ticipe
2196,Aix-en-Provence,Éva Sionfiscal
4918,Limoges,Luc Ratif
537,Nantes,Marie Rouanna
4127,Nice,Marie Rouanna
750,Bordeaux,Éva Sionfiscal
1111,Dijon,Jean Némarre
217,Bordeaux,Alain Broglio
4364,Aix-en-Provence,Jean Némarre
2735,Toulon,Alain Broglio
1709,Aix-en-Provence,Jean Ticipe
2282,Angers,Jean Némarre
127,Nantes,Jean Ticipe
3265,Lille,Luc Ratif
3078,Limoges,Jean Némarre
1270,Bordeaux,Éva Sionfiscal
2835,Lyon,Éva Sionfiscal
3648,Dijon,Luc Ratif
2481,Clermont-Ferrand,Éva Sionfiscal
4381,Bordeaux,Jean Némarre
2174,Clermont-Ferrand,Jean Némarre
3853,Paris,Alain Broglio
672,Lille,Luc Ratif
3762,Rennes,Alain Broglio
1044,Rennes,Jean Némarre
3189,Grenoble,Marie Rouanna
2526,Strasbourg,Marie Rouanna
2606,Nice,Jean Ticipe
4633,Strasbourg,Luc Ratif
502,Lyon,Alain Broglio
4226,Le Havre,Alain Broglio
458,Strasbourg,Marie Rouanna
1716,Tours,Jean Ticipe
1506,Tours,Marie Rouanna
3623,Bordeaux,Éva Sionfiscal
3810,Strasbourg,Éva Sionfiscal
474,Villeurbanne,Éva Sionfiscal
2482,Rennes,Luc Ratif
2262,Nîmes,Jean Némarre
1989,Toulouse,Luc Ratif
181,Lyon,Luc Ratif
3876,Montpellier,Marie Rouanna
4949,Aix-en-Provence,Marie Rouanna
1222,Le Havre,Luc Ratif
1909,Clermont-Ferrand,Éva Sionfiscal
1871,Grenoble,Alain Broglio
4595,Clermont-Ferrand,Éva Sionfiscal
4449,Lille,Marie Rouanna
4922,Grenoble,Éva Sionfiscal
4017,Lyon,Alain Broglio
3768,Montpellier,Luc Ratif
1755,Toulouse,Éva Sionfiscal
3070,Villeurbanne,Luc Ratif
3551,Grenoble,Luc Ratif
746,Reims,Marie Rouanna
762,Nice,Jean Ticipe
491,Lyon,Jean Ticipe
2783,Angers,Jean Némarre
4227,Montpellier,Marie Rouanna
4690,Montpellier,Jean Ticipe
3431,Toulouse,Marie Rouanna
3138,Clermont-Ferrand,Marie Rouanna
1271,Strasbourg,Alain Broglio
1543,Dijon,Jean Ticipe
1642,Clermont-Ferrand,Marie Rouanna
4955,Le Havre,Jean Némarre
1054,Villeurbanne,Jean Némarre
4434,Limoges,Éva Sionfiscal
1107,Limoges,Jean Ticipe
1197,Montpellier,Marie Rouanna
4711,Angers,Éva Sionfiscal
3355,Lille,Éva Sionfiscal
2386,Toulouse,Éva Sionfiscal
1902,Lille,Alain Broglio
4539,Toulon,Éva Sionfiscal
2151,Strasbourg,Jean Némarre
467,Tours,Éva Sionfiscal
2592,Lille,Jean Némarre
1862,Aix-en-Provence,Alain Broglio
1229,Aix-en-Provence,Jean Ticipe
1032,Nantes,Luc Ratif
2747,Strasbourg,Luc Ratif
705,Nîmes,Alain Broglio
3786,Villeurbanne,Jean Némarre
187,Montpellier,Luc Ratif
1160,Clermont-Ferrand,Marie Rouanna
4472,Marseille,Jean Némarre
2201,Montpellier,Luc Ratif
3962,Le Havre,Marie Rouanna
1386,Bordeaux,Marie Rouanna
3611,Tours,Éva Sionfiscal
4598,Toulon,Marie Rouanna
4550,Limoges,Jean Némarre
3562,Nîmes,Alain Broglio
2705,Lille,Jean Némarre
2735,Nîmes,Jean Ticipe
148,Toulouse,Éva Sionfiscal
4749,Saint-Étienne,Éva Sionfiscal
614,Toulon,Marie Rouanna
3764,Angers,Alain Broglio
4129,Strasbourg,Marie Rouanna
3617,Villeurbanne,Jean Némarre
2973,Dijon,Luc Ratif
1740,Limoges,Luc Ratif
3751,Limoges,Éva Sionfiscal
1680,Le Havre,Éva Sionfiscal
2457,Strasbourg,Éva Sionfiscal
921,Aix-en-Provence,Alain Broglio
4711,Nîmes,Jean Némarre
3956,Nîmes,Jean Ticipe
4729,Tours,Jean Némarre
3503,Strasbourg,Jean Ticipe
1264,Nice,Alain Broglio
202,Clermont-Ferrand,Jean Ticipe
428,Lille,Éva Sionfiscal
2977,Dijon,Éva Sionfiscal
4702,Nantes,Jean Ticipe
2520,Paris,Luc Ratif
2343,Bordeaux,Luc Ratif
438,Grenoble,Éva Sionfiscal
3835,Rennes,Alain Broglio
1130,Dijon,Éva Sionfiscal
4342,Grenoble,Jean Ticipe
3339,Paris,Luc Ratif
788,Lyon,Marie Rouanna
1054,Lyon,Marie Rouanna
2978,Saint-Étienne,Alain Broglio
1810,Marseille,Jean Némarre
4901,Tours,Éva Sionfiscal
2853,Toulouse,Marie Rouanna
183,Grenoble,Jean Némarre
1558,Nîmes,Marie Rouanna
1917,Bordeaux,Luc Ratif
272,Nîmes,Luc Ratif
3047,Limoges,Marie Rouanna
3067,Le Havre,Jean Ticipe
1054,Reims,Luc Ratif
3371,Saint-Étienne,Éva Sionfiscal
1373,Montpellier,Marie Rouanna
3133,Limoges,Jean Ticipe
495,Brest,Luc Ratif
3509,Marseille,Luc Ratif
3946,Lyon,Éva Sionfiscal
1355,Strasbourg,Jean Ticipe
849,Villeurbanne,Jean Némarre
2364,Nîmes,Jean Ticipe
3089,Angers,Luc Ratif
1913,Rennes,Alain Broglio
714,Reims,Éva Sionfiscal
4817,Reims,Luc Ratif
3127,Tours,Luc Ratif
3863,Angers,Éva Sionfiscal
3105,Lille,Jean Ticipe
4659,Angers,Jean Ticipe
4796,Reims,Luc Ratif
3008,Lille,Jean Némarre
1293,Grenoble,Alain Broglio
4005,Nice,Jean Némarre
2730,Brest,Marie Rouanna
2983,Le Havre,Marie Rouanna
2250,Saint-Étienne,Luc Ratif
4466,Toulouse,Alain Broglio
813,Dijon,Luc Ratif
4441,Toulon,Jean Némarre
1642,Montpellier,Jean Némarre
1828,Dijon,Éva Sionfiscal
4177,Bordeaux,Alain Broglio
1149,Tours,Jean Ticipe
4754,Reims,Alain Broglio
4082,Le Havre,Jean Ticipe
3982,Clermont-Ferrand,Jean Némarre
2291,Bordeaux,Luc Ratif
4434,Aix-en-Provence,Éva Sionfiscal
589,Aix-en-Provence,Jean Némarre
3810,Grenoble,Éva Sionfiscal
2878,Lyon,Éva Sionfiscal
4432,Montpellier,Jean Ticipe
685,Bordeaux,Jean Némarre
1138,Rennes,Jean Némarre
3801,Aix-en-Provence,Alain Broglio
698,Strasbourg,Éva Sionfiscal
1140,Nîmes,Luc Ratif
4366,Grenoble,Marie Rouanna
2827,Aix-en-Provence,Éva Sionfiscal
978,Brest,Jean Némarre
371,Marseille,Luc Ratif
2787,Aix-en-Provence,Jean Ticipe
3124,Angers,Marie Rouanna
499,Lille,Jean Ticipe
1817,Angers,Éva Sionfiscal
2630,Saint-Étienne,Éva Sionfiscal
1872,Saint-Étienne,Luc Ratif
3529,Marseille,Éva Sionfiscal
1003,Limoges,Luc Ratif
3020,Bordeaux,Alain Broglio
2914,Nice,Marie Rouanna
1319,Lyon,Jean Ticipe
2796,Nice,Luc Ratif
3499,Paris,Jean Némarre
4762,Toulon,Alain Broglio
3028,Lyon,Jean Némarre
1985,Angers,Luc Ratif
147,Nantes,Alain Broglio
4914,Nîmes,Alain Broglio
2983,Bordeaux,Jean Ticipe
1838,Montpellier,Alain Broglio
2993,Rennes,Alain Broglio
4509,Nice,Marie Rouanna
4325,Tours,Jean Ticipe
3929,Tours,Alain Broglio
4963,Saint-Étienne,Alain Broglio
3636,Rennes,Luc Ratif
2180,Limoges,Jean Ticipe
1632,Strasbourg,Alain Broglio
4904,Montpellier,Éva Sionfiscal
4364,Toulouse,Marie Rouanna
3962,Angers,Marie Rouanna
1574,Nîmes,Jean Némarre
3716,Montpellier,Éva Sionfiscal
1122,Montpellier,Éva Sionfiscal
4105,Bordeaux,Jean Ticipe
1183,Toulon,Alain Broglio
314,Marseille,Luc Ratif
1989,Nice,Jean Némarre
528,Angers,Luc Ratif
2304,Toulouse,Alain Broglio
4215,Lyon,Alain Broglio
3171,Limoges,Alain Broglio
900,Tours,Alain Broglio
1756,Strasbourg,Alain Broglio
4172,Strasbourg,Marie Rouanna
2757,Paris,Éva Sionfiscal
1789,Strasbourg,Jean Ticipe
3207,Toulon,Jean Némarre
3438,Nice,Jean Némarre
807,Tours,Jean Ticipe
104,Paris,Jean Ticipe
1496,Aix-en-Provence,Éva Sionfiscal
2844,Lyon,Jean Ticipe
3505,Villeurbanne,Jean Ticipe
1986,Saint-Étienne,Éva Sionfiscal
3473,Aix-en-Provence,Jean Ticipe
3379,Nantes,Éva Sionfiscal
3448,Dijon,Éva Sionfiscal
4886,Marseille,Jean Ticipe
875,Lille,Jean Ticipe
4929,Toulouse,Éva Sionfiscal
1157,Limoges,Jean Ticipe
3557,Nantes,Luc Ratif
651,Limoges,Luc Ratif
4571,Grenoble,Jean Némarre
3133,Nîmes,Marie Rouanna
4639,Tours,Jean Némarre
1289,Montpellier,Jean Ticipe
1535,Bordeaux,Luc Ratif
889,Nantes,Éva Sionfiscal
899,Nîmes,Éva Sionfiscal
3773,Toulouse,Jean Ticipe
3018,Reims,Marie Rouanna
4138,Saint-Étienne,Luc Ratif
2721,Toulouse,Alain Broglio
239,Aix-en-Provence,Éva Sionfiscal
522,Strasbourg,Jean Némarre
1780,Nice,Jean Némarre
3076,Toulon,Luc Ratif
747,Nantes,Marie Rouanna
483,Lyon,Marie Rouanna
4637,Aix-en-Provence,Jean Némarre
569,Lyon,Éva Sionfiscal
402,Brest,Luc Ratif
4174,Lille,Jean Ticipe
2329,Strasbourg,Alain Broglio
2838,Strasbourg,Marie Rouanna
1703,Brest,Éva Sionfiscal
2136,Paris,Alain Broglio
930,Nantes,Jean Ticipe
3854,Clermont-Ferrand,Marie Rouanna
2109,Nantes,Éva Sionfiscal
4075,Reims,Jean Ticipe
2957,Reims,Jean Némarre
2612,Villeurbanne,Marie Rouanna
3127,Reims,Jean Némarre
3176,Saint-Étienne,Éva Sionfiscal
2246,Villeurbanne,Luc Ratif
1502,Villeurbanne,Éva Sionfiscal
2853,Dijon,Éva Sionfiscal
204,Bordeaux,Éva Sionfiscal
1071,Toulouse,Jean Némarre
2060,Villeurbanne,Luc Ratif
3028,Angers,Jean Némarre
3667,Nice,Marie Rouanna
355,Grenoble,Marie Rouanna
2928,Lyon,Jean Ticipe
498,Montpellier,Éva Sionfiscal
971,Grenoble,Éva Sionfiscal
4070,Bordeaux,Jean Némarre
618,Aix-en-Provence,Jean Némarre
2550,Grenoble,Alain Broglio
3204,Clermont-Ferrand,Éva Sionfiscal
2554,Saint-Étienne,Jean Ticipe
1948,Angers,Marie Rouanna
2270,Paris,Luc Ratif
3377,Nice,Alain Broglio
4759,Rennes,Éva Sionfiscal
1759,Dijon,Alain Broglio
1677,Nice,Jean Némarre
1099,Angers,Éva Sionfiscal
4058,Montpellier,Jean Ticipe
773,Bordeaux,Jean Némarre
3555,Bordeaux,Alain Broglio
3481,Marseille,Jean Némarre
1365,Aix-en-Provence,Marie Rouanna
4843,Villeurbanne,Jean Ticipe
884,Saint-Étienne,Jean Ticipe
4044,Dijon,Jean Némarre
1123,Rennes,Marie Rouanna
667,Tours,Marie Rouanna
2045,Paris,Éva Sionfiscal
4845,Tours,Marie Rouanna
2636,Paris,Alain Broglio
569,Bordeaux,Luc Ratif
4080,Villeurbanne,Éva Sionfiscal
4666,Tours,Éva Sionfiscal
2081,Tours,Luc Ratif
4712,Montpellier,Luc Ratif
954,Limoges,Luc Ratif
3930,Marseille,Jean Némarre
938,Nîmes,Marie Rouanna
1533,Angers,Luc Ratif
321,Angers,Jean Némarre
4151,Saint-Étienne,Alain Broglio
3672,Bordeaux,Marie Rouanna
1259,Angers,Marie Rouanna
4826,Marseille,Jean Némarre
4168,Angers,Éva Sionfiscal
1911,Montpellier,Alain Broglio
2727,Clermont-Ferrand,Luc Ratif
3024,Nice,Jean Ticipe
317,Le Havre,Jean Némarre
2729,Grenoble,Éva Sionfiscal
836,Nîmes,Alain Broglio
4509,Saint-Étienne,Luc Ratif
4597,Aix-en-Provence,Marie Rouanna
4160,Lyon,Luc Ratif
1372,Lyon,Alain Broglio
952,Brest,Éva Sionfiscal
1459,Lille,Jean Ticipe
748,Le Havre,Éva Sionfiscal
4128,Lille,Marie Rouanna
2954,Nice,Jean Ticipe
4601,Rennes,Luc Ratif
2598,Marseille,Alain Broglio
4168,Nantes,Jean Ticipe
458,Brest,Jean Ticipe
1314,Limoges,Marie Rouanna
4090,Tours,Luc Ratif
2820,Limoges,Alain Broglio
4016,Villeurbanne,Alain Broglio
4270,Lille,Jean Ticipe
4921,Villeurbanne,Alain Broglio
3822,Montpellier,Marie Rouanna
1353,Strasbourg,Luc Ratif
4430,Clermont-Ferrand,Jean Ticipe
3613,Clermont-Ferrand,Luc Ratif
3107,Lille,Alain Broglio
688,Reims,Alain Broglio
669,Montpellier,Éva Sionfiscal
903,Strasbourg,Jean Némarre
2216,Nantes,Marie Rouanna
4519,Paris,Luc Ratif
3800,Montpellier,Jean Némarre
1778,Clermont-Ferrand,Marie Rouanna
4150,Angers,Luc Ratif
941,Reims,Jean Némarre
2098,Limoges,Luc Ratif
2249,Rennes,Alain Broglio
913,Angers,Luc Ratif
2744,Toulon,Marie Rouanna
1688,Lille,Jean Ticipe
3345,Le Havre,Jean Némarre
1054,Paris,Luc Ratif
904,Dijon,Luc Ratif
4954,Limoges,Alain Broglio
748,Limoges,Jean Ticipe
724,Rennes,Éva Sionfiscal
3508,Nice,Jean Ticipe
1202,Nantes,Luc Ratif
3536,Dijon,Marie Rouanna
4358,Strasbourg,Jean Némarre
3009,Toulouse,Éva Sionfiscal
752,Reims,Éva Sionfiscal
1194,Clermont-Ferrand,Éva Sionfiscal
1857,Clermont-Ferrand,Marie Rouanna
1619,Angers,Marie Rouanna
3948,Brest,Jean Ticipe
816,Lyon,Jean Ticipe
4212,Brest,Jean Ticipe
378,Le Havre,Jean Ticipe
190,Rennes,Luc Ratif
2014,Nantes,Jean Ticipe
1896,Brest,Marie Rouanna
2628,Reims,Jean Ticipe
3384,Le Havre,Éva Sionfiscal
3653,Marseille,Marie Rouanna
1891,Villeurbanne,Marie Rouanna
832,Reims,Éva Sionfiscal
4223,Le Havre,Jean Ticipe
785,Reims,Éva Sionfiscal
675,Rennes,Luc Ratif
3848,Angers,Jean Némarre
4831,Aix-en-Provence,Luc Ratif
4153,Tours,Luc Ratif
1540,Dijon,Éva Sionfiscal
1085,Toulon,Éva Sionfiscal
1574,Le Havre,Luc Ratif
2182,Nîmes,Alain Broglio
2648,Marseille,Alain Broglio
2076,Bordeaux,Marie Rouanna
4679,Toulon,Jean Némarre
3348,Tours,Alain Broglio
1258,Villeurbanne,Éva Sionfiscal
3066,Nîmes,Alain Broglio
1291,Nice,Jean Némarre
2590,Dijon,Luc Ratif
2896,Nice,Marie Rouanna
1093,Toulon,Jean Ticipe
3519,Villeurbanne,Jean Némarre
2217,Rennes,Jean Ticipe
4793,Marseille,Jean Némarre
1978,Toulouse,Jean Némarre
3576,Nantes,Alain Broglio
4536,Rennes,Jean Ticipe
1369,Limoges,Alain Broglio
2543,Villeurbanne,Marie Rouanna
688,Marseille,Marie Rouanna
2164,Nantes,Éva Sionfiscal
1496,Lille,Alain Broglio
2332,Marseille,Marie Rouanna
213,Brest,Éva Sionfiscal
217,Bordeaux,Alain Broglio
1609,Brest,Marie Rouanna
1625,Lille,Jean Némarre
2208,Toulouse,Jean Ticipe
1446,Lille,Alain Broglio
3522,Aix-en-Provence,Éva Sionfiscal
1224,Nice,Éva Sionfiscal
3013,Nice,Alain Broglio
2134,Dijon,Alain Broglio
863,Toulouse,Jean Ticipe
4597,Aix-en-Provence,Jean Némarre
2885,Rennes,Éva Sionfiscal
3302,Reims,Marie Rouanna
292,Le Havre,Marie Rouanna
3150,Rennes,Jean Némarre
200,Rennes,Luc Ratif
4435,Reims,Luc Ratif
1471,Lyon,Jean Némarre
2612,Toulouse,Jean Ticipe
2859,Lille,Luc Ratif
3462,Nîmes,Marie Rouanna
2533,Limoges,Jean Ticipe
1357,Brest,Jean Némarre
1913,Bordeaux,Marie Rouanna
2208,Montpellier,Éva Sionfiscal
3710,Dijon,Luc Ratif
3400,Clermont-Ferrand,Luc Ratif
3837,Rennes,Jean Némarre
2583,Nîmes,Alain Broglio
3134,Lille,Marie Rouanna
1024,Strasbourg,Alain Broglio
4236,Montpellier,Éva Sionfiscal
3897,Marseille,Jean Ticipe
3976,Lyon,Marie Rouanna
661,Dijon,Jean Némarre
2201,Nice,Jean Ticipe
2994,Aix-en-Provence,Luc Ratif
1374,Villeurbanne,Jean Ticipe
2706,Nantes,Jean Némarre
3841,Saint-Étienne,Jean Ticipe
1669,Dijon,Luc Ratif
1312,Tours,Luc Ratif
3794,Limoges,Éva Sionfiscal
2331,Saint-Étienne,Marie Rouanna
2392,Limoges,Luc Ratif
2560,Villeurbanne,Marie Rouanna
3280,Clermont-Ferrand,Luc Ratif
3351,Angers,Jean Ticipe
2455,Lille,Éva Sionfiscal
322,Limoges,Jean Ticipe
1064,Bordeaux,Jean Némarre
4609,Brest,Alain Broglio
4236,Nice,Éva Sionfiscal
2102,Aix-en-Provence,Marie Rouanna
3586,Le Havre,Jean Ticipe
2129,Bordeaux,Marie Rouanna
494,Toulon,Jean Némarre
1758,Toulouse,Luc Ratif
2714,Aix-en-Provence,Luc Ratif
1487,Bordeaux,Jean Ticipe
4732,Angers,Éva Sionfiscal
1956,Reims,Jean Némarre
1931,Saint-Étienne,Luc Ratif
3415,Villeurbanne,Jean Némarre
3699,Le Havre,Jean Ticipe
140,Nîmes,Alain Broglio
381,Saint-Étienne,Jean Némarre
4903,Clermont-Ferrand,Alain Broglio
2455,Nîmes,Éva Sionfiscal
914,Nîmes,Éva Sionfiscal
4670,Nantes,Jean Némarre
4616,Grenoble,Éva Sionfiscal
152,Reims,Marie Rouanna
683,Marseille,Jean Némarre
3684,Marseille,Jean Némarre
4573,Villeurbanne,Jean Ticipe
1196,Angers,Luc Ratif
1745,Brest,Luc Ratif
4350,Marseille,Alain Broglio
1633,Nîmes,Jean Némarre
4843,Nîmes,Jean Némarre
2531,Montpellier,Marie Rouanna
1709,Clermont-Ferrand,Éva Sionfiscal
1788,Dijon,Jean Ticipe
2644,Angers,Jean Némarre
401,Lille,Jean Némarre
4209,Montpellier,Éva Sionfiscal
4323,Nice,Luc Ratif
1675,Lyon,Éva Sionfiscal
3659,Toulon,Alain Broglio
1068,Lyon,Alain Broglio
2951,Le Havre,Marie Rouanna
406,Saint-Étienne,Jean Ticipe
3575,Bordeaux,Luc Ratif
4923,Nantes,Luc Ratif
1796,Dijon,Jean Némarre
323,Aix-en-Provence,Marie Rouanna
5000,Reims,Jean Némarre
2955,Grenoble,Luc Ratif
695,Marseille,Alain Broglio
2483,Grenoble,Éva Sionfiscal
1331,Le Havre,Alain Broglio
3109,Dijon,Jean Ticipe
2138,Bordeaux,Luc Ratif
3122,Bordeaux,Marie Rouanna
3098,Bordeaux,Alain Broglio
819,Limoges,Jean Némarre
2904,Brest,Luc Ratif
3167,Marseille,Jean Némarre
4983,Angers,Marie Rouanna
3744,Grenoble,Jean Némarre
3858,Villeurbanne,Jean Némarre
3340,Clermont-Ferrand,Luc Ratif
4108,Nîmes,Jean Némarre
4900,Limoges,Luc Ratif
4792,Nice,Jean Ticipe
4625,Strasbourg,Marie Rouanna
3021,Reims,Alain Broglio
4070,Villeurbanne,Alain Broglio
1081,Angers,Jean Ticipe
2448,Strasbourg,Éva Sionfiscal
2180,Strasbourg,Alain Broglio
2673,Saint-Étienne,Alain Broglio
4066,Clermont-Ferrand,Marie Rouanna
3919,Montpellier,Jean Némarre
4500,Lyon,Marie Rouanna
3023,Lyon,Éva Sionfiscal
2295,Clermont-Ferrand,Jean Némarre
3247,Rennes,Jean Ticipe
2135,Nîmes,Jean Ticipe
4929,Angers,Alain Broglio
3112,Toulouse,Marie Rouanna
2186,Nice,Jean Némarre
4815,Brest,Jean Némarre
2086,Saint-Étienne,Jean Ticipe
150,Brest,Luc Ratif
1923,Aix-en-Provence,Jean Némarre
1538,Limoges,Alain Broglio
1986,Nice,Alain Broglio
1830,Nantes,Alain Broglio
3995,Nîmes,Luc Ratif
386,Tours,Marie Rouanna
1216,Paris,Jean Ticipe
4269,Rennes,Marie Rouanna
769,Nantes,Alain Broglio
402,Angers,Éva Sionfiscal
3283,Grenoble,Marie Rouanna
3802,Bordeaux,Éva Sionfiscal
3654,Toulouse,Jean Ticipe
551,Reims,Jean Ticipe
1300,Limoges,Alain Broglio
263,Angers,Jean Némarre
1937,Lille,Éva Sionfiscal
2993,Le Havre,Jean Némarre
198,Bordeaux,Jean Ticipe
1138,Nantes,Jean Ticipe
1415,Le Havre,Éva Sionfiscal
4842,Grenoble,Éva Sionfiscal
1880,Le Havre,Jean Némarre
1853,Strasbourg,Luc Ratif
3400,Angers,Jean Ticipe
774,Montpellier,Marie Rouanna
2744,Clermont-Ferrand,Éva Sionfiscal
4483,Montpellier,Jean Ticipe
3311,Nîmes,Alain Broglio
2373,Clermont-Ferrand,Jean Ticipe
3955,Lille,Alain Broglio
1000,Strasbourg,Jean Némarre
222,Marseille,Luc Ratif
443,Tours,Jean Némarre
2944,Strasbourg,Jean Ticipe
750,Bordeaux,Éva Sionfiscal
1889,Nice,Alain Broglio
3929,Saint-Étienne,Alain Broglio
2929,Toulouse,Jean Ticipe
4825,Rennes,Jean Ticipe
2727,Marseille,Alain Broglio
912,Montpellier,Luc Ratif
4132,Lille,Marie Rouanna
4199,Rennes,Luc Ratif
4730,Limoges,Jean Némarre
655,Reims,Éva Sionfiscal
1048,Lille,Marie Rouanna
4332,Clermont-Ferrand,Éva Sionfiscal
344,Paris,Marie Rouanna
2677,Tours,Alain Broglio
1906,Villeurbanne,Jean Ticipe
3167,Rennes,Jean Ticipe
1963,Strasbourg,Jean Némarre
2017,Paris,Marie Rouanna
4154,Paris,Alain Broglio
375,Nîmes,Luc Ratif
3373,Toulon,Jean Némarre
3820,Rennes,Jean Ticipe
3549,Lyon,Alain Broglio
1456,Saint-Étienne,Jean Ticipe
3188,Grenoble,Marie Rouanna
3970,Villeurbanne,Jean Némarre
270,Nice,Luc Ratif
4301,Grenoble,Éva Sionfiscal
956,Reims,Jean Némarre
1790,Strasbourg,Éva Sionfiscal
1764,Strasbourg,Marie Rouanna
1482,Brest,Jean Némarre
1351,Rennes,Marie Rouanna
3528,Limoges,Alain Broglio
2534,Lille,Marie Rouanna
2854,Nîmes,Éva Sionfiscal
3901,Angers,Alain Broglio
1738,Le Havre,Jean Ticipe
2794,Aix-en-Provence,Jean Némarre
2411,Clermont-Ferrand,Marie Rouanna
795,Clermont-Ferrand,Jean Ticipe
172,Limoges,Luc Ratif
789,Angers,Éva Sionfiscal
3676,Toulouse,Éva Sionfiscal
397,Angers,Luc Ratif
4880,Rennes,Alain Broglio
825,Montpellier,Alain Broglio
1302,Saint-Étienne,Éva Sionfiscal
2130,Brest,Luc Ratif
2331,Dijon,Marie Rouanna
1756,Villeurbanne,Jean Némarre
505,Villeurbanne,Éva Sionfiscal
3046,Aix-en-Provence,Éva Sionfiscal
2677,Brest,Luc Ratif
1661,Marseille,Jean Ticipe
320,Bordeaux,Marie Rouanna
4095,Toulon,Alain Broglio
441,Limoges,Marie Rouanna
3873,Dijon,Jean Ticipe
4198,Paris,Marie Rouanna
4552,Clermont-Ferrand,Marie Rouanna
3241,Brest,Jean Ticipe
766,Villeurbanne,Éva Sionfiscal
983,Limoges,Jean Ticipe
1171,Villeurbanne,Alain Broglio
3950,Bordeaux,Jean Némarre
3694,Bordeaux,Luc Ratif
3036,Dijon,Alain Broglio
2017,Strasbourg,Marie Rouanna
3968,Nantes,Jean Ticipe
3753,Clermont-Ferrand,Luc Ratif
4732,Nantes,Luc Ratif
1934,Paris,Éva Sionfiscal
3933,Nantes,Jean Némarre
4525,Reims,Marie Rouanna
906,Lille,Marie Rouanna
1773,Lyon,Luc Ratif
2895,Angers,Alain Broglio
204,Brest,Alain Broglio
4844,Dijon,Jean Némarre
4285,Limoges,Éva Sionfiscal
2754,Lyon,Jean Ticipe
1703,Bordeaux,Jean Ticipe
1170,Bordeaux,Éva Sionfiscal
1071,Angers,Éva Sionfiscal
3362,Nantes,Marie Rouanna
2462,Grenoble,Luc Ratif
3618,Nîmes,Jean Ticipe
2870,Clermont-Ferrand,Éva Sionfiscal
1596,Paris,Alain Broglio
4377,Le Havre,Éva Sionfiscal
4463,Montpellier,Luc Ratif
1257,Strasbourg,Marie Rouanna
3784,Paris,Éva Sionfiscal
3971,Strasbourg,Jean Ticipe
1295,Limoges,Marie Rouanna
3945,Lyon,Éva Sionfiscal
2887,Brest,Alain Broglio
210,Marseille,Alain Broglio
2372,Lyon,Éva Sionfiscal
3553,Montpellier,Luc Ratif
2356,Strasbourg,Jean Némarre
4011,Nîmes,Luc Ratif
1735,Lille,Alain Broglio
3181,Brest,Alain Broglio
4382,Strasbourg,Jean Ticipe
4465,Lyon,Jean Némarre
690,Saint-Étienne,Luc Ratif
2642,Reims,Marie Rouanna
2210,Marseille,Éva Sionfiscal
1815,Bordeaux,Éva Sionfiscal
4796,Bordeaux,Alain Broglio
3522,Montpellier,Jean Némarre
3814,Aix-en-Provence,Luc Ratif
1645,Angers,Alain Broglio
2780,Montpellier,Marie Rouanna
1883,Toulon,Marie Rouanna
4986,Clermont-Ferrand,Luc Ratif
4485,Saint-Étienne,Jean Ticipe
1516,Strasbourg,Marie Rouanna
3526,Strasbourg,Luc Ratif
3230,Rennes,Jean Némarre
792,Villeurbanne,Éva Sionfiscal
3433,Dijon,Éva Sionfiscal
1866,Dijon,Jean Ticipe
3313,Toulouse,Jean Ticipe
4630,Montpellier,Jean Némarre
1333,Montpellier,Luc Ratif
2621,Strasbourg,Éva Sionfiscal
2346,Toulouse,Jean Némarre
4357,Paris,Luc Ratif
3162,Rennes,Alain Broglio
2203,Brest,Éva Sionfiscal
4036,Lyon,Luc Ratif
833,Angers,Alain Broglio
4131,Dijon,Alain Broglio
1001,Aix-en-Provence,Alain Broglio
2642,Strasbourg,Jean Némarre
659,Bordeaux,Jean Ticipe
2299,Marseille,Alain Broglio
748,Dijon,Jean Ticipe
1952,Lille,Éva Sionfiscal
1617,Marseille,Marie Rouanna
3317,Reims,Jean Ticipe
3366,Angers,Jean Némarre
4837,Saint-Étienne,Alain Broglio
3916,Rennes,Marie Rouanna
525,Strasbourg,Marie Rouanna
3423,Dijon,Marie Rouanna
218,Tours,Éva Sionfiscal
3140,Villeurbanne,Luc Ratif
3262,Toulouse,Éva Sionfiscal
1638,Lille,Alain Broglio
4751,Toulouse,Alain Broglio
4621,Strasbourg,Alain Broglio
2372,Paris,Marie Rouanna
1414,Grenoble,Jean Némarre
2942,Tours,Marie Rouanna
1490,Angers,Jean Ticipe
2672,Toulouse,Alain Broglio
3742,Aix-en-Provence,Jean Ticipe
2418,Strasbourg,Jean Némarre
835,Tours,Jean Ticipe
2838,Nîmes,Éva Sionfiscal
779,Angers,Jean Ticipe
3179,Toulon,Luc Ratif
375,Rennes,Marie Rouanna
2582,Le Havre,Éva Sionfiscal
4312,Montpellier,Alain Broglio
2120,Paris,Jean Némarre
2616,Angers,Jean Ticipe
4848,Reims,Jean Ticipe
2001,Reims,Luc Ratif
640,Toulon,Marie Rouanna
174,Paris,Éva Sionfiscal
4549,Grenoble,Alain Broglio
2754,Reims,Éva Sionfiscal
1712,Nîmes,Luc Ratif
3059,Lyon,Alain Broglio
4867,Brest,Alain Broglio
1073,Brest,Luc Ratif
2807,Saint-Étienne,Jean Ticipe
3831,Lille,Alain Broglio
999,Tours,Luc Ratif
3483,Clermont-Ferrand,Marie Rouanna
3523,Brest,Jean Ticipe
2448,Grenoble,Luc Ratif
2789,Strasbourg,Alain Broglio
546,Nantes,Alain Broglio
2316,Nantes,Luc Ratif
114,Aix-en-Provence,Marie Rouanna
948,Clermont-Ferrand,Jean Némarre
1494,Tours,Alain Broglio
3515,Dijon,Alain Broglio
2610,Limoges,Alain Broglio
3208,Tours,Marie Rouanna
1158,Dijon,Marie Rouanna
1722,Strasbourg,Marie Rouanna
4378,Le Havre,Marie Rouanna
2548,Marseille,Jean Ticipe
4044,Reims,Jean Némarre
385,Strasbourg,Marie Rouanna
1199,Marseille,Éva Sionfiscal
4203,Saint-Étienne,Luc Ratif
978,Lyon,Luc Ratif
4538,Toulon,Alain Broglio
1148,Lyon,Marie Rouanna
4068,Tours,Jean Némarre
315,Rennes,Jean Ticipe
4863,Tours,Jean Ticipe
4584,Toulouse,Alain Broglio
1810,Rennes,Éva Sionfiscal
2738,Nîmes,Jean Némarre
3009,Le Havre,Alain Broglio
3296,Toulouse,Luc Ratif
4093,Marseille,Jean Ticipe
3241,Tours,Marie Rouanna
2155,Villeurbanne,Éva Sionfiscal
3683,Bordeaux,Jean Némarre
322,Montpellier,Jean Ticipe
1239,Clermont-Ferrand,Jean Ticipe
484,Villeurbanne,Marie Rouanna
4293,Nîmes,Jean Ticipe
2476,Paris,Alain Broglio
308,Lyon,Jean Némarre
842,Toulouse,Jean Némarre
2405,Villeurbanne,Éva Sionfiscal
3671,Nice,Marie Rouanna
2938,Reims,Jean Némarre
2669,Rennes,Jean Némarre
3241,Villeurbanne,Luc Ratif
330,Marseille,Marie Rouanna
4537,Villeurbanne,Jean Ticipe
4103,Nîmes,Éva Sionfiscal
2987,Limoges,Alain Broglio
4039,Lille,Jean Némarre
145,Montpellier,Luc Ratif
2470,Toulouse,Jean Némarre
4118,Reims,Éva Sionfiscal
3960,Le Havre,Alain Broglio
3944,Lyon,Jean Némarre
3335,Grenoble,Éva Sionfiscal
4587,Villeurbanne,Jean Némarre
3148,Strasbourg,Jean Némarre
4466,Villeurbanne,Jean Némarre
4699,Grenoble,Jean Némarre
4657,Dijon,Luc Ratif
798,Paris,Luc Ratif
4446,Le Havre,Jean Ticipe
1737,Le Havre,Luc Ratif
4041,Strasbourg,Marie Rouanna
3866,Clermont-Ferrand,Jean Némarre
3500,Tours,Marie Rouanna
526,Marseille,Jean Némarre
3981,Paris,Jean Ticipe
1173,Paris,Jean Némarre
4910,Brest,Jean Némarre
2235,Strasbourg,Éva Sionfiscal
2072,Marseille,Marie Rouanna
318,Lyon,Jean Ticipe
3460,Strasbourg,Alain Broglio
2761,Reims,Jean Ticipe
2717,Paris,Marie Rouanna
264,Reims,Luc Ratif
2118,Rennes,Jean Ticipe
2029,Toulouse,Éva Sionfiscal
1410,Tours,Alain Broglio
2894,Limoges,Jean Némarre
306,Nantes,Jean Ticipe
1864,Bordeaux,Marie Rouanna
1543,Strasbourg,Marie Rouanna
2199,Brest,Jean Némarre
1996,Reims,Éva Sionfiscal
2496,Strasbourg,Alain Broglio
2389,Lille,Jean Ticipe
2018,Limoges,Éva Sionfiscal
2835,Tours,Alain Broglio
3169,Toulouse,Éva Sionfiscal
3249,Lyon,Alain Broglio
4936,Montpellier,Alain Broglio
287,Strasbourg,Marie Rouanna
2356,Nantes,Marie Rouanna
320,Lyon,Alain Broglio
4861,Bordeaux,Éva Sionfiscal
4352,Saint-Étienne,Marie Rouanna
1017,Marseille,Alain Broglio
3442,Limoges,Jean Némarre
2667,Nice,Éva Sionfiscal
393,Reims,Alain Broglio
655,Paris,Marie Rouanna
3310,Marseille,Éva Sionfiscal
4968,Limoges,Luc Ratif
1094,Nice,Marie Rouanna
202,Le Havre,Marie Rouanna
2507,Nantes,Marie Rouanna
4104,Le Havre,Luc Ratif
1745,Toulon,Jean Ticipe
2464,Bordeaux,Luc Ratif
2981,Rennes,Jean Ticipe
3921,Nîmes,Jean Némarre
1733,Limoges,Jean Ticipe
4484,Rennes,Luc Ratif
876,Rennes,Jean Ticipe
1981,Saint-Étienne,Jean Ticipe
4406,Toulouse,Jean Némarre
4883,Aix-en-Provence,Luc Ratif
237,Aix-en-Provence,Éva Sionfiscal
2137,Aix-en-Provence,Éva Sionfiscal
4599,Tours,Éva Sionfiscal
2764,Limoges,Luc Ratif
2601,Bordeaux,Luc Ratif
4329,Dijon,Éva Sionfiscal
2150,Angers,Luc Ratif
1962,Aix-en-Provence,Marie Rouanna
3746,Nice,Éva Sionfiscal
3957,Grenoble,Luc Ratif
4853,Lille,Jean Némarre
565,Nice,Jean Némarre
2648,Toulon,Éva Sionfiscal
3801,Nantes,Jean Ticipe
2121,Le Havre,Luc Ratif
4385,Villeurbanne,Luc Ratif
2182,Tours,Luc Ratif
4264,Limoges,Luc Ratif
2077,Toulouse,Alain Broglio
4822,Brest,Éva Sionfiscal
3244,Aix-en-Provence,Marie Rouanna
1194,Tours,Marie Rouanna
2974,Dijon,Alain Broglio
3846,Toulouse,Alain Broglio
386,Nice,Jean Némarre
2865,Grenoble,Marie Rouanna
4119,Brest,Jean Némarre
2828,Dijon,Marie Rouanna
2846,Limoges,Luc Ratif
3423,Villeurbanne,Luc Ratif
3060,Bordeaux,Éva Sionfiscal
4904,Lille,Luc Ratif
2748,Clermont-Ferrand,Jean Némarre
4939,Strasbourg,Alain Broglio
620,Limoges,Jean Ticipe
792,Marseille,Éva Sionfiscal
2922,Montpellier,Luc Ratif
2962,Brest,Jean Ticipe
3541,Rennes,Luc Ratif
581,Angers,Alain Broglio
1804,Tours,Jean Némarre
4449,Tours,Alain Broglio
4108,Villeurbanne,Luc Ratif
2667,Le Havre,Éva Sionfiscal
4759,Saint-Étienne,Éva Sionfiscal
3198,Aix-en-Provence,Éva Sionfiscal
2453,Nice,Jean Ticipe
1464,Rennes,Alain Broglio
504,Toulouse,Alain Broglio
409,Clermont-Ferrand,Alain Broglio
3204,Lille,Luc Ratif
299,Marseille,Luc Ratif
404,Clermont-Ferrand,Jean Ticipe
1914,Tours,Alain Broglio
2983,Marseille,Alain Broglio
3070,Toulon,Alain Broglio
1892,Nice,Luc Ratif
144,Tours,Éva Sionfiscal
273,Strasbourg,Jean Ticipe
2859,Brest,Alain Broglio
112,Strasbourg,Éva Sionfiscal
948,Tours,Alain Broglio
3820,Tours,Luc Ratif
2160,Aix-en-Provence,Jean Ticipe
3027,Tours,Alain Broglio
4794,Tours,Jean Némarre
464,Reims,Marie Rouanna
4735,Le Havre,Jean Ticipe
514,Angers,Alain Broglio
751,Brest,Éva Sionfiscal
2355,Clermont-Ferrand,Éva Sionfiscal
3405,Saint-Étienne,Jean Némarre
4172,Brest,Marie Rouanna
4551,Saint-Étienne,Jean Némarre
3736,Limoges,Jean Ticipe
114,Toulon,Luc Ratif
2656,Lille,Éva Sionfiscal
1038,Nice,Jean Ticipe
467,Montpellier,Alain Broglio
4159,Dijon,Jean Némarre
2308,Brest,Alain Broglio
2434,Paris,Alain Broglio
2795,Villeurbanne,Jean Némarre
4345,Toulon,Éva Sionfiscal
917,Tours,Jean Ticipe
4159,Aix-en-Provence,Luc Ratif
2987,Reims,Éva Sionfiscal
3545,Marseille,Éva Sionfiscal
4089,Angers,Marie Rouanna
2619,Bordeaux,Alain Broglio
3822,Nice,Luc Ratif
2851,Marseille,Marie Rouanna
614,Montpellier,Jean Némarre
2019,Limoges,Marie Rouanna
1462,Nantes,Éva Sionfiscal
1298,Lille,Éva Sionfiscal
4020,Villeurbanne,Luc Ratif
4585,Saint-Étienne,Éva Sionfiscal
3437,Nice,Éva Sionfiscal
1874,Limoges,Jean Némarre
1819,Toulon,Jean Némarre
1575,Grenoble,Luc Ratif
3689,Bordeaux,Marie Rouanna
3758,Tours,Jean Ticipe
1328,Saint-Étienne,Luc Ratif
3688,Toulouse,Luc Ratif
2712,Nantes,Jean Némarre
1104,Montpellier,Éva Sionfiscal
669,Saint-Étienne,Marie Rouanna
3791,Lille,Alain Broglio
1132,Aix-en-Provence,Alain Broglio
2713,Grenoble,Jean Ticipe
1179,Angers,Alain Broglio
951,Paris,Luc Ratif
4619,Grenoble,Jean Ticipe
2148,Montpellier,Alain Broglio
3740,Reims,Luc Ratif
2765,Le Havre,Marie Rouanna
684,Lyon,Luc Ratif
1391,Grenoble,Marie Rouanna
4501,Reims,Marie Rouanna
1546,Strasbourg,Alain Broglio
3797,Saint-Étienne,Luc Ratif
4634,Lille,Jean Ticipe
1598,Reims,Luc Ratif
4142,Toulouse,Jean Némarre
292,Nîmes,Luc Ratif
1890,Marseille,Jean Némarre
2036,Marseille,Luc Ratif
4877,Montpellier,Luc Ratif
1219,Toulon,Luc Ratif
1493,Brest,Alain Broglio
3253,Limoges,Éva Sionfiscal
3620,Angers,Luc Ratif
4656,Aix-en-Provence,Marie Rouanna
4733,Limoges,Marie Rouanna
917,Strasbourg,Marie Rouanna
2969,Grenoble,Jean Ticipe
2960,Lyon,Luc Ratif
104,Brest,Alain Broglio
4049,Lyon,Jean Némarre
3566,Toulon,Alain Broglio
1666,Lyon,Alain Broglio
2033,Montpellier,Alain Broglio
3286,Montpellier,Éva Sionfiscal
887,Lille,Marie Rouanna
1441,Paris,Jean Ticipe
3657,Montpellier,Jean Ticipe
2742,Saint-Étienne,Luc Ratif
1083,Nantes,Luc Ratif
545,Brest,Marie Rouanna
2873,Lyon,Alain Broglio
4986,Villeurbanne,Alain Broglio
2335,Lille,Alain Broglio
2018,Saint-Étienne,Alain Broglio
3743,Dijon,Marie Rouanna
3179,Nantes,Éva Sionfiscal
1725,Rennes,Alain Broglio
2992,Paris,Luc Ratif
938,Toulon,Jean Ticipe
4734,Aix-en-Provence,Jean Némarre
205,Nantes,Jean Némarre
3063,Lyon,Jean Ticipe
3289,Nantes,Luc Ratif
835,Toulon,Luc Ratif
2966,Rennes,Luc Ratif
3492,Reims,Luc Ratif
439,Marseille,Éva Sionfiscal
2371,Nantes,Éva Sionfiscal
933,Dijon,Alain Broglio
3474,Villeurbanne,Éva Sionfiscal
1389,Le Havre,Luc Ratif
753,Dijon,Jean Némarre
3912,Marseille,Jean Némarre
2117,Nice,Marie Rouanna
766,Dijon,Jean Némarre
4453,Grenoble,Jean Ticipe
3189,Strasbourg,Éva Sionfiscal
4485,Clermont-Ferrand,Luc Ratif
2473,Bordeaux,Marie Rouanna
2044,Brest,Alain Broglio
3208,Toulon,Jean Némarre
4896,Nantes,Jean Némarre
878,Marseille,Alain Broglio
1028,Clermont-Ferrand,Alain Broglio
128,Nice,Marie Rouanna
4134,Brest,Marie Rouanna
2873,Grenoble,Alain Broglio
657,Nantes,Marie Rouanna
4054,Toulon,Jean Némarre
4896,Grenoble,Marie Rouanna
1720,Montpellier,Éva Sionfiscal
190,Marseille,Luc Ratif
4454,Clermont-Ferrand,Alain Broglio
3881,Angers,Marie Rouanna
3500,Villeurbanne,Jean Ticipe
839,Clermont-Ferrand,Marie Rouanna
2449,Aix-en-Provence,Marie Rouanna
2106,Bordeaux,Luc Ratif
1523,Bordeaux,Jean Némarre
2934,Limoges,Marie Rouanna
1228,Nîmes,Marie Rouanna
3728,Tours,Luc Ratif
119,Toulouse,Marie Rouanna
1395,Lyon,Marie Rouanna
2959,Paris,Éva Sionfiscal
443,Reims,Luc Ratif
3787,Limoges,Luc Ratif
3546,Grenoble,Alain Broglio
3356,Lyon,Éva Sionfiscal
2393,Reims,Marie Rouanna
1831,Tours,Jean Némarre
626,Nice,Jean Ticipe
754,Clermont-Ferrand,Jean Némarre
165,Nantes,Alain Broglio
411,Strasbourg,Éva Sionfiscal
172,Lille,Luc Ratif
1355,Marseille,Éva Sionfiscal
1947,Villeurbanne,Éva Sionfiscal
334,Paris,Jean Némarre
4174,Lyon,Éva Sionfiscal
3949,Toulon,Éva Sionfiscal
1040,Paris,Éva Sionfiscal
1475,Angers,Marie Rouanna
4507,Lille,Jean Némarre
473,Grenoble,Marie Rouanna
2687,Montpellier,Luc Ratif
2892,Le Havre,Marie Rouanna
420,Rennes,Éva Sionfiscal
4611,Limoges,Éva Sionfiscal
3808,Toulouse,Jean Ticipe
870,Marseille,Marie Rouanna
359,Marseille,Marie Rouanna
1400,Rennes,Éva Sionfiscal
1603,Lyon,Luc Ratif
4931,Brest,Jean Némarre
2889,Grenoble,Alain Broglio
119,Bordeaux,Marie Rouanna
2659,Dijon,Luc Ratif
4852,Dijon,Jean Némarre
670,Clermont-Ferrand,Alain Broglio
4980,Clermont-Ferrand,Éva Sionfiscal
2380,Marseille,Jean Ticipe
4861,Lille,Marie Rouanna
3848,Saint-Étienne,Marie Rouanna
138,Le Havre,Jean Ticipe
3596,Tours,Éva Sionfiscal
1225,Nice,Jean Némarre
4471,Limoges,Jean Némarre
3225,Angers,Alain Broglio
1778,Bordeaux,Marie Rouanna
4736,Limoges,Éva Sionfiscal
780,Rennes,Marie Rouanna
393,Angers,Alain Broglio
2607,Reims,Jean Ticipe
1459,Angers,Jean Ticipe
3487,Nice,Alain Broglio
713,Marseille,Éva Sionfiscal
4164,Nantes,Éva Sionfiscal
1706,Nice,Alain Broglio
1771,Nantes,Éva Sionfiscal
1644,Aix-en-Provence,Jean Ticipe
619,Nice,Éva Sionfiscal
876,Tours,Jean Némarre
4721,Aix-en-Provence,Jean Ticipe
4716,Brest,Marie Rouanna
3934,Lille,Marie Rouanna
3597,Marseille,Luc Ratif
3445,Grenoble,Luc Ratif
2928,Rennes,Luc Ratif
311,Aix-en-Provence,Jean Némarre
4506,Nantes,Luc Ratif
3818,Limoges,Jean Ticipe
1896,Bordeaux,Éva Sionfiscal
4944,Clermont-Ferrand,Jean Ticipe
382,Nice,Éva Sionfiscal
3306,Marseille,Jean Némarre
4265,Le Havre,Éva Sionfiscal
3932,Lille,Alain Broglio
1190,Paris,Éva Sionfiscal
2605,Toulon,Jean Némarre
1087,Saint-Étienne,Jean Ticipe
2962,Le Havre,Alain Broglio
2863,Bordeaux,Marie Rouanna
266,Aix-en-Provence,Alain Broglio
4335,Tours,Éva Sionfiscal
2775,Nîmes,Marie Rouanna
3737,Nîmes,Jean Ticipe
2874,Saint-Étienne,Luc Ratif
2638,Marseille,Jean Némarre
1082,Paris,Luc Ratif
1233,Brest,Alain Broglio
1276,Marseille,Jean Némarre
448,Saint-Étienne,Alain Broglio
3912,Nîmes,Éva Sionfiscal
3398,Aix-en-Provence,Éva Sionfiscal
2341,Rennes,Alain Broglio
2215,Le Havre,Éva Sionfiscal
1744,Lyon,Jean Némarre
4073,Le Havre,Éva Sionfiscal
1289,Aix-en-Provence,Jean Némarre
3150,Angers,Jean Némarre
4184,Aix-en-Provence,Alain Broglio
4380,Nantes,Alain Broglio
4625,Strasbourg,Jean Némarre
3265,Limoges,Marie Rouanna
2148,Toulon,Marie Rouanna
1762,Nîmes,Marie Rouanna
1475,Strasbourg,Alain Broglio
640,Angers,Luc Ratif
1701,Strasbourg,Alain Broglio
2707,Limoges,Éva Sionfiscal
2985,Limoges,Marie Rouanna
1877,Toulouse,Jean Ticipe
2323,Toulouse,Alain Broglio
2210,Limoges,Alain Broglio
3954,Nice,Alain Broglio
3395,Lyon,Alain Broglio
2113,Grenoble,Éva Sionfiscal
1404,Nantes,Éva Sionfiscal
3739,Limoges,Alain Broglio
4268,Dijon,Éva Sionfiscal
4741,Paris,Éva Sionfiscal
2746,Grenoble,Éva Sionfiscal
3558,Nantes,Luc Ratif
548,Montpellier,Éva Sionfiscal
4742,Toulouse,Éva Sionfiscal
3772,Clermont-Ferrand,Éva Sionfiscal
1047,Toulon,Jean Ticipe
1214,Angers,Marie Rouanna
1451,Montpellier,Jean Némarre
1010,Le Havre,Jean Ticipe
700,Rennes,Jean Ticipe
4754,Le Havre,Alain Broglio
142,Strasbourg,Marie Rouanna
3031,Bordeaux,Jean Némarre
4692,Villeurbanne,Marie Rouanna
3252,Toulouse,Marie Rouanna
2042,Paris,Jean Ticipe
1723,Aix-en-Provence,Marie Rouanna
4579,Limoges,Jean Ticipe
692,Dijon,Jean Némarre
3401,Marseille,Jean Némarre
3172,Limoges,Marie Rouanna
4462,Limoges,Jean Ticipe
313,Toulon,Jean Némarre
4136,Dijon,Jean Némarre
4082,Nîmes,Alain Broglio
4179,Montpellier,Luc Ratif
1322,Saint-Étienne,Luc Ratif
4642,Tours,Marie Rouanna
2137,Rennes,Jean Némarre
562,Grenoble,Éva Sionfiscal
2266,Paris,Jean Némarre
4731,Clermont-Ferrand,Éva Sionfiscal
4027,Strasbourg,Luc Ratif
3475,Saint-Étienne,Jean Ticipe
2229,Dijon,Jean Némarre
4473,Reims,Jean Némarre
2325,Montpellier,Alain Broglio
4222,Dijon,Alain Broglio
4226,Rennes,Jean Ticipe
3123,Nantes,Alain Broglio
555,Limoges,Marie Rouanna
3094,Aix-en-Provence,Alain Broglio
4409,Rennes,Marie Rouanna
360,Le Havre,Alain Broglio
3987,Toulouse,Marie Rouanna
729,Limoges,Alain Broglio
3653,Paris,Luc Ratif
2049,Saint-Étienne,Marie Rouanna
4909,Dijon,Luc Ratif
1749,Nantes,Jean Ticipe
2524,Limoges,Jean Némarre
900,Marseille,Marie Rouanna
363,Nice,Jean Ticipe
4731,Toulouse,Éva Sionfiscal
664,Brest,Éva Sionfiscal
3618,Dijon,Luc Ratif
2057,Nice,Alain Broglio
3872,Angers,Éva Sionfiscal
3843,Aix-en-Provence,Jean Ticipe
4952,Bordeaux,Alain Broglio
841,Dijon,Jean Ticipe
678,Paris,Jean Ticipe
3339,Lille,Jean Ticipe
3388,Dijon,Jean Ticipe
4543,Paris,Jean Ticipe
794,Toulouse,Alain Broglio
1419,Nice,Luc Ratif
3677,Paris,Éva Sionfiscal
3042,Bordeaux,Marie Rouanna
1049,Tours,Jean Némarre
1812,Limoges,Marie Rouanna
3252,Villeurbanne,Éva Sionfiscal
2791,Nantes,Jean Ticipe
4189,Aix-en-Provence,Jean Némarre
1847,Toulouse,Éva Sionfiscal
1066,Toulon,Jean Némarre
2557,Paris,Alain Broglio
3556,Le Havre,Jean Ticipe
3011,Tours,Alain Broglio
4013,Rennes,Jean Némarre
3384,Toulouse,Alain Broglio
2718,Brest,Jean Némarre
1520,Villeurbanne,Éva Sionfiscal
2011,Clermont-Ferrand,Éva Sionfiscal
4578,Paris,Marie Rouanna
3329,Limoges,Jean Némarre
1497,Bordeaux,Marie Rouanna
3219,Lyon,Éva Sionfiscal
4501,Lille,Alain Broglio
141,Montpellier,Alain Broglio
1431,Lyon,Jean Ticipe
3154,Paris,Jean Ticipe
3910,Reims,Marie Rouanna
3679,Clermont-Ferrand,Jean Ticipe
3524,Villeurbanne,Jean Ticipe
1063,Le Havre,Éva Sionfiscal
1354,Saint-Étienne,Éva Sionfiscal
2993,Clermont-Ferrand,Jean Némarre
4353,Grenoble,Jean Némarre
2508,Tours,Alain Broglio
2153,Montpellier,Marie Rouanna
3825,Nice,Luc Ratif
1179,Reims,Marie Rouanna
1527,Rennes,Alain Broglio
4890,Clermont-Ferrand,Marie Rouanna
3797,Villeurbanne,Jean Ticipe
3049,Bordeaux,Alain Broglio
4866,Angers,Luc Ratif
1227,Rennes,Jean Ticipe
3739,Toulon,Luc Ratif
2758,Le Havre,Jean Némarre
130,Reims,Éva Sionfiscal
769,Angers,Alain Broglio
4100,Aix-en-Provence,Jean Némarre
2878,Limoges,Marie Rouanna
4184,Bordeaux,Éva Sionfiscal
4731,Nîmes,Jean Némarre
1677,Le Havre,Alain Broglio
3957,Tours,Jean Némarre
3796,Lille,Jean Némarre
1028,Montpellier,Alain Broglio
2377,Villeurbanne,Luc Ratif
1789,Toulouse,Marie Rouanna
1500,Toulon,Luc Ratif
2466,Strasbourg,Marie Rouanna
1523,Marseille,Éva Sionfiscal
3515,Limoges,Alain Broglio
1445,Nice,Éva Sionfiscal
3701,Paris,Jean Némarre
3408,Le Havre,Jean Ticipe
3433,Brest,Luc Ratif
2514,Nantes,Éva Sionfiscal
143,Nice,Éva Sionfiscal
2979,Nice,Jean Némarre
373,Lille,Marie Rouanna
420,Clermont-Ferrand,Éva Sionfiscal
1711,Nantes,Marie Rouanna
1986,Brest,Jean Ticipe
4094,Limoges,Luc Ratif
4710,Aix-en-Provence,Éva Sionfiscal
3867,Marseille,Éva Sionfiscal
2548,Aix-en-Provence,Éva Sionfiscal
1324,Dijon,Marie Rouanna
3705,Dijon,Marie Rouanna
1727,Brest,Alain Broglio
2292,Reims,Alain Broglio
354,Lyon,Éva Sionfiscal
919,Nantes,Luc Ratif
1755,Clermont-Ferrand,Marie Rouanna
1088,Dijon,Jean Ticipe
2373,Toulon,Marie Rouanna
1074,Angers,Éva Sionfiscal
3506,Brest,Jean Ticipe
3199,Marseille,Éva Sionfiscal
4216,Aix-en-Provence,Alain Broglio
4921,Paris,Marie Rouanna
283,Nice,Jean Ticipe
4430,Toulouse,Marie Rouanna
956,Nice,Jean Ticipe
2597,Toulon,Luc Ratif
1125,Lille,Luc Ratif
3123,Tours,Marie Rouanna
4977,Strasbourg,Alain Broglio
2639,Le Havre,Jean Ticipe
246,Toulouse,Jean Ticipe
969,Nice,Éva Sionfiscal
4010,Brest,Éva Sionfiscal
1702,Angers,Luc Ratif
567,Nantes,Jean Némarre
632,Limoges,Alain Broglio
531,Nice,Luc Ratif
1391,Lille,Alain Broglio
2808,Rennes,Luc Ratif
2226,Reims,Marie Rouanna
2675,Lyon,Éva Sionfiscal
2532,Nîmes,Luc Ratif
1438,Reims,Éva Sionfiscal
821,Rennes,Marie Rouanna
114,Paris,Alain Broglio
242,Brest,Marie Rouanna
3373,Rennes,Marie Rouanna
4802,Lille,Marie Rouanna
4314,Saint-Étienne,Éva Sionfiscal
2312,Nantes,Éva Sionfiscal
427,Montpellier,Luc Ratif
1999,Lille,Luc Ratif
2311,Brest,Alain Broglio
855,Angers,Marie Rouanna
4413,Angers,Marie Rouanna
3959,Nîmes,Éva Sionfiscal
1769,Toulouse,Jean Némarre
702,Strasbourg,Luc Ratif
4359,Reims,Marie Rouanna
3193,Reims,Alain Broglio
1806,Angers,Jean Ticipe
3683,Angers,Luc Ratif
4381,Toulon,Jean Ticipe
1212,Tours,Marie Rouanna
1129,Villeurbanne,Éva Sionfiscal
3695,Dijon,Éva Sionfiscal
4951,Grenoble,Jean Ticipe
1281,Tours,Marie Rouanna
3548,Rennes,Jean Ticipe
404,Limoges,Éva Sionfiscal
3614,Angers,Marie Rouanna
4338,Clermont-Ferrand,Marie Rouanna
4531,Brest,Jean Némarre
2294,Montpellier,Jean Némarre
3346,Clermont-Ferrand,Jean Ticipe
3419,Tours,Alain Broglio
1254,Toulon,Jean Ticipe
4757,Dijon,Alain Broglio
4915,Brest,Luc Ratif
4880,Dijon,Marie Rouanna
736,Tours,Alain Broglio
2055,Lille,Éva Sionfiscal
4507,Limoges,Jean Ticipe
4239,Montpellier,Jean Ticipe
695,Reims,Éva Sionfiscal
3527,Brest,Luc Ratif
649,Bordeaux,Éva Sionfiscal
978,Strasbourg,Luc Ratif
2318,Saint-Étienne,Éva Sionfiscal
1678,Nantes,Éva Sionfiscal
4018,Clermont-Ferrand,Jean Némarre
3669,Montpellier,Jean Némarre
582,Dijon,Jean Ticipe
3901,Lyon,Jean Ticipe
2715,Limoges,Jean Ticipe
2198,Angers,Luc Ratif
2429,Le Havre,Alain Broglio
2081,Grenoble,Jean Ticipe
4968,Reims,Alain Broglio
4909,Toulon,Alain Broglio
4693,Lille,Jean Ticipe
965,Grenoble,Jean Némarre
4329,Villeurbanne,Marie Rouanna
4901,Bordeaux,Jean Ticipe
422,Dijon,Marie Rouanna
1305,Nantes,Marie Rouanna
2296,Nice,Jean Ticipe
3581,Villeurbanne,Éva Sionfiscal
1767,Clermont-Ferrand,Marie Rouanna
2598,Nîmes,Luc Ratif
1614,Nantes,Jean Némarre
3621,Strasbourg,Luc Ratif
4460,Saint-Étienne,Luc Ratif
1450,Strasbourg,Alain Broglio
4096,Marseille,Luc Ratif
175,Nice,Jean Némarre
3744,Angers,Jean Némarre
3171,Lyon,Jean Ticipe
860,Aix-en-Provence,Jean Ticipe
1397,Le Havre,Jean Ticipe
1770,Rennes,Luc Ratif
546,Toulon,Luc Ratif
4992,Le Havre,Jean Némarre
1860,Toulouse,Luc Ratif
3020,Strasbourg,Alain Broglio
4253,Dijon,Luc Ratif
4711,Aix-en-Provence,Jean Némarre
2316,Rennes,Jean Ticipe
817,Nice,Marie Rouanna
4636,Nice,Luc Ratif
2387,Toulon,Jean Némarre
865,Clermont-Ferrand,Marie Rouanna
3563,Nîmes,Jean Ticipe
1128,Nice,Jean Ticipe
3039,Grenoble,Marie Rouanna
4409,Grenoble,Alain Broglio
1673,Montpellier,Jean Ticipe
1802,Paris,Luc Ratif
756,Angers,Alain Broglio
3388,Lille,Alain Broglio
661,Toulon,Alain Broglio
4490,Brest,Alain Broglio
4510,Saint-Étienne,Jean Ticipe
849,Grenoble,Alain Broglio
2424,Dijon,Alain Broglio
2337,Lyon,Luc Ratif
1116,Villeurbanne,Éva Sionfiscal
2883,Nîmes,Jean Ticipe
1466,Angers,Jean Némarre
631,Dijon,Alain Broglio
977,Reims,Jean Ticipe
4652,Aix-en-Provence,Éva Sionfiscal
1303,Brest,Luc Ratif
2027,Bordeaux,Luc Ratif
1340,Nice,Éva Sionfiscal
4958,Aix-en-Provence,Marie Rouanna
2615,Montpellier,Éva Sionfiscal
3323,Marseille,Jean Ticipe
289,Reims,Alain Broglio
424,Strasbourg,Éva Sionfiscal
3983,Angers,Marie Rouanna
2992,Bordeaux,Marie Rouanna
2138,Reims,Éva Sionfiscal
4857,Grenoble,Luc Ratif
2868,Rennes,Jean Némarre
3651,Tours,Luc Ratif
3132,Paris,Jean Ticipe
2961,Montpellier,Éva Sionfiscal
1258,Aix-en-Provence,Luc Ratif
1321,Bordeaux,Jean Némarre
3226,Villeurbanne,Marie Rouanna
4152,Bordeaux,Jean Némarre
4390,Tours,Marie Rouanna
4882,Reims,Luc Ratif
2896,Montpellier,Jean Ticipe
1788,Angers,Alain Broglio
920,Bordeaux,Jean Némarre
4536,Bordeaux,Alain Broglio
4635,Toulouse,Jean Ticipe
3780,Nîmes,Luc Ratif
1212,Villeurbanne,Jean Némarre
237,Lyon,Jean Némarre
3234,Reims,Jean Ticipe
2410,Nîmes,Luc Ratif
2927,Nice,Éva Sionfiscal
255,Strasbourg,Alain Broglio
1827,Angers,Jean Némarre
674,Strasbourg,Marie Rouanna
2763,Le Havre,Marie Rouanna
4919,Strasbourg,Jean Némarre
3211,Paris,Éva Sionfiscal
3767,Limoges,Éva Sionfiscal
3237,Nîmes,Marie Rouanna
4500,Rennes,Jean Ticipe
1854,Rennes,Éva Sionfiscal
4692,Le Havre,Alain Broglio
1208,Nice,Éva Sionfiscal
4239,Paris,Marie Rouanna
2922,Rennes,Jean Némarre
1312,Reims,Jean Ticipe
1057,Villeurbanne,Luc Ratif
4157,Saint-Étienne,Éva Sionfiscal
3083,Saint-Étienne,Jean Ticipe
1850,Villeurbanne,Éva Sionfiscal
3797,Limoges,Éva Sionfiscal
2407,Reims,Jean Ticipe
3706,Rennes,Luc Ratif
4089,Le Havre,Marie Rouanna
4359,Nice,Éva Sionfiscal
993,Nice,Alain Broglio
774,Toulouse,Éva Sionfiscal
1773,Montpellier,Luc Ratif
2542,Nîmes,Marie Rouanna
3571,Paris,Marie Rouanna
4811,Aix-en-Provence,Alain Broglio
755,Aix-en-Provence,Éva Sionfiscal
216,Paris,Marie Rouanna
3464,Reims,Jean Némarre
4976,Dijon,Jean Ticipe
3261,Nantes,Éva Sionfiscal
1928,Aix-en-Provence,Marie Rouanna
3109,Nice,Marie Rouanna
278,Aix-en-Provence,Jean Némarre
320,Dijon,Luc Ratif
323,Toulon,Marie Rouanna
991,Lyon,Luc Ratif
4559,Angers,Luc Ratif
1658,Grenoble,Marie Rouanna
3129,Tours,Luc Ratif
4385,Lyon,Éva Sionfiscal
3071,Angers,Alain Broglio
2053,Villeurbanne,Jean Ticipe
2753,Aix-en-Provence,Jean Ticipe
3007,Lyon,Luc Ratif
1304,Clermont-Ferrand,Éva Sionfiscal
1670,Saint-Étienne,Jean Ticipe
2260,Bordeaux,Éva Sionfiscal
1222,Paris,Éva Sionfiscal
4018,Toulon,Marie Rouanna
3001,Angers,Jean Ticipe
2983,Rennes,Jean Ticipe
336,Bordeaux,Marie Rouanna
802,Lyon,Jean Némarre
1640,Bordeaux,Marie Rouanna
445,Paris,Luc Ratif
1729,Nice,Marie Rouanna
4423,Nice,Éva Sionfiscal
2150,Le Havre,Marie Rouanna
2976,Nantes,Jean Némarre
1332,Strasbourg,Marie Rouanna
3771,Toulon,Jean Ticipe
4549,Tours,Jean Ticipe
2911,Le Havre,Alain Broglio
1657,Le Havre,Luc Ratif
129,Lyon,Luc Ratif
1811,Brest,Jean Némarre
4882,Tours,Alain Broglio
1315,Saint-Étienne,Éva Sionfiscal
4286,Nantes,Luc Ratif
2412,Saint-Étienne,Luc Ratif
1718,Tours,Marie Rouanna
3414,Nîmes,Jean Ticipe
999,Marseille,Marie Rouanna
294,Nice,Marie Rouanna
3452,Nîmes,Jean Ticipe
4492,Bordeaux,Jean Némarre
146,Paris,Luc Ratif
4884,Villeurbanne,Jean Némarre
4266,Limoges,Éva Sionfiscal
4301,Rennes,Alain Broglio
2428,Lyon,Éva Sionfiscal
1340,Grenoble,Jean Némarre
572,Reims,Alain Broglio
3820,Clermont-Ferrand,Éva Sionfiscal
3046,Brest,Alain Broglio
4248,Toulon,Marie Rouanna
2838,Strasbourg,Éva Sionfiscal
207,Le Havre,Jean Ticipe
583,Angers,Marie Rouanna
4217,Villeurbanne,Éva Sionfiscal
4093,Toulouse,Jean Ticipe
4095,Dijon,Jean Ticipe
2181,Angers,Alain Broglio
3294,Clermont-Ferrand,Jean Némarre
4615,Aix-en-Provence,Marie Rouanna
4832,Reims,Alain Broglio
4036,Nîmes,Marie Rouanna
1770,Toulouse,Jean Ticipe
142,Toulouse,Éva Sionfiscal
2439,Brest,Alain Broglio
4711,Aix-en-Provence,Éva Sionfiscal
1938,Bordeaux,Marie Rouanna
1848,Limoges,Alain Broglio
2953,Strasbourg,Luc Ratif
2879,Villeurbanne,Jean Ticipe
839,Angers,Marie Rouanna
1316,Marseille,Éva Sionfiscal
804,Tours,Alain Broglio
1804,Marseille,Luc Ratif
1893,Toulon,Luc Ratif
4688,Toulouse,Luc Ratif
2089,Reims,Jean Némarre
3095,Angers,Luc Ratif
3687,Toulon,Éva Sionfiscal
3483,Nice,Jean Ticipe
1154,Grenoble,Jean Némarre
3804,Aix-en-Provence,Éva Sionfiscal
4204,Angers,Jean Ticipe
1824,Toulon,Luc Ratif
1106,Nîmes,Marie Rouanna
4947,Toulon,Jean Ticipe
1944,Rennes,Jean Ticipe
1615,Dijon,Marie Rouanna
1193,Strasbourg,Marie Rouanna
3225,Aix-en-Provence,Alain Broglio
3964,Nîmes,Alain Broglio
3101,Limoges,Luc Ratif
2028,Montpellier,Jean Ticipe
2237,Limoges,Luc Ratif
3753,Montpellier,Luc Ratif
3680,Le Havre,Jean Ticipe
1296,Reims,Marie Rouanna
3838,Saint-Étienne,Éva Sionfiscal
3885,Toulon,Éva Sionfiscal
400,Brest,Alain Broglio
4598,Paris,Marie Rouanna
4763,Toulon,Alain Broglio
1526,Nice,Alain Broglio
1613,Saint-Étienne,Éva Sionfiscal
1112,Brest,Jean Némarre
570,Dijon,Jean Némarre
1453,Le Havre,Marie Rouanna
4181,Brest,Jean Némarre
3569,Montpellier,Jean Némarre
2102,Clermont-Ferrand,Marie Rouanna
559,Clermont-Ferrand,Jean Némarre
4909,Rennes,Jean Ticipe
4950,Villeurbanne,Jean Némarre
3182,Villeurbanne,Jean Némarre
3159,Lyon,Alain Broglio
4438,Limoges,Éva Sionfiscal
571,Paris,Marie Rouanna
4699,Marseille,Éva Sionfiscal
4499,Brest,Jean Némarre
897,Nîmes,Jean Ticipe
3123,Aix-en-Provence,Éva Sionfiscal
939,Tours,Alain Broglio
4896,Grenoble,Jean Ticipe
4284,Saint-Étienne,Jean Némarre
1715,Strasbourg,Luc Ratif
1728,Aix-en-Provence,Jean Ticipe
4491,Rennes,Luc Ratif
714,Limoges,Jean Ticipe
1341,Saint-Étienne,Éva Sionfiscal
4992,Paris,Jean Ticipe
915,Dijon,Éva Sionfiscal
1260,Toulouse,Jean Ticipe
1972,Strasbourg,Marie Rouanna
3795,Marseille,Jean Némarre
4098,Strasbourg,Jean Ticipe
240,Clermont-Ferrand,Éva Sionfiscal
4654,Rennes,Jean Ticipe
1449,Aix-en-Provence,Marie Rouanna
1747,Angers,Luc Ratif
4305,Nice,Luc Ratif
2510,Toulouse,Jean Ticipe
814,Toulouse,Luc Ratif
1768,Rennes,Éva Sionfiscal
427,Reims,Alain Broglio
2342,Nantes,Luc Ratif
463,Villeurbanne,Luc Ratif
3354,Montpellier,Alain Broglio
3719,Tours,Jean Ticipe
4922,Nîmes,Jean Ticipe
4281,Clermont-Ferrand,Éva Sionfiscal
4904,Lyon,Jean Némarre
2695,Brest,Jean Némarre
3427,Nîmes,Alain Broglio
3806,Le Havre,Luc Ratif
1765,Toulouse,Marie Rouanna
2935,Grenoble,Marie Rouanna
1212,Toulouse,Jean Némarre
169,Bordeaux,Luc Ratif
2704,Paris,Jean Ticipe
3091,Limoges,Jean Ticipe
1350,Villeurbanne,Jean Ticipe
3665,Dijon,Jean Ticipe
4779,Lille,Alain Broglio
3733,Montpellier,Éva Sionfiscal
1125,Brest,Jean Ticipe
942,Paris,Éva Sionfiscal
2503,Toulon,Jean Némarre
1613,Nîmes,Alain Broglio
218,Tours,Luc Ratif
1056,Nîmes,Luc Ratif
300,Marseille,Jean Ticipe
3586,Montpellier,Alain Broglio
1245,Montpellier,Éva Sionfiscal
4724,Clermont-Ferrand,Jean Némarre
3231,Nîmes,Marie Rouanna
847,Nice,Marie Rouanna
673,Lille,Éva Sionfiscal
4095,Paris,Alain Broglio
188,Grenoble,Jean Némarre
4331,Reims,Alain Broglio
1962,Montpellier,Alain Broglio
4803,Le Havre,Éva Sionfiscal
2578,Villeurbanne,Jean Némarre
2350,Brest,Marie Rouanna
1228,Toulon,Jean Ticipe
978,Toulouse,Luc Ratif
3253,Le Havre,Luc Ratif
4451,Angers,Éva Sionfiscal
4166,Nîmes,Luc Ratif
1960,Grenoble,Jean Némarre
1908,Le Havre,Luc Ratif
2016,Strasbourg,Alain Broglio
2962,Montpellier,Jean Némarre
3624,Tours,Jean Ticipe
1037,Brest,Jean Ticipe
4273,Dijon,Éva Sionfiscal
3507,Montpellier,Éva Sionfiscal
3432,Saint-Étienne,Alain Broglio
4017,Grenoble,Jean Ticipe
2877,Marseille,Alain Broglio
4649,Nîmes,Marie Rouanna
233,Grenoble,Éva Sionfiscal
1535,Bordeaux,Luc Ratif
1962,Nantes,Luc Ratif
1388,Montpellier,Éva Sionfiscal
4844,Villeurbanne,Jean Némarre
3867,Tours,Jean Ticipe
4854,Nantes,Marie Rouanna
3825,Clermont-Ferrand,Jean Némarre
2970,Montpellier,Luc Ratif
3110,Aix-en-Provence,Jean Némarre
1940,Rennes,Marie Rouanna
2332,Strasbourg,Jean Némarre
1192,Lille,Alain Broglio
1567,Grenoble,Jean Ticipe
2683,Aix-en-Provence,Alain Broglio
360,Aix-en-Provence,Luc Ratif
1015,Nice,Jean Némarre
2382,Nice,Éva Sionfiscal
972,Toulouse,Marie Rouanna
1764,Angers,Luc Ratif
755,Aix-en-Provence,Jean Ticipe
4290,Paris,Marie Rouanna
388,Villeurbanne,Jean Némarre
110,Angers,Marie Rouanna
3780,Bordeaux,Alain Broglio
2877,Saint-Étienne,Éva Sionfiscal
4786,Marseille,Jean Némarre
791,Strasbourg,Alain Broglio
4737,Lyon,Jean Némarre
1237,Brest,Alain Broglio
673,Nice,Jean Némarre
2068,Villeurbanne,Jean Némarre
3881,Nîmes,Jean Ticipe
3579,Nantes,Éva Sionfiscal
294,Nice,Jean Némarre
3644,Montpellier,Marie Rouanna
563,Rennes,Alain Broglio
4714,Clermont-Ferrand,Jean Ticipe
2933,Brest,Jean Ticipe
3725,Toulouse,Luc Ratif
4421,Limoges,Jean Némarre
3612,Nice,Alain Broglio
3961,Paris,Luc Ratif
1317,Le Havre,Jean Némarre
2832,Le Havre,Luc Ratif
2507,Paris,Marie Rouanna
561,Nîmes,Alain Broglio
4416,Strasbourg,Alain Broglio
2889,Lille,Alain Broglio
3205,Toulon,Éva Sionfiscal
4895,Toulouse,Jean Némarre
3782,Aix-en-Provence,Jean Ticipe
1332,Lille,Luc Ratif
3816,Nîmes,Alain Broglio
3526,Marseille,Luc Ratif
217,Tours,Jean Ticipe
2943,Saint-Étienne,Alain Broglio
850,Paris,Jean Ticipe
2671,Grenoble,Jean Ticipe
783,Montpellier,Marie Rouanna
2833,Toulouse,Éva Sionfiscal
4037,Tours,Éva Sionfiscal
311,Toulon,Éva Sionfiscal
4829,Paris,Luc Ratif
2190,Lille,Éva Sionfiscal
2116,Nice,Jean Ticipe
108,Saint-Étienne,Alain Broglio
4535,Villeurbanne,Alain Broglio
767,Nantes,Jean Némarre
4673,Rennes,Éva Sionfiscal
743,Villeurbanne,Jean Ticipe
2355,Strasbourg,Jean Némarre
3450,Reims,Luc Ratif
1111,Tours,Jean Ticipe
3188,Nice,Alain Broglio
1894,Aix-en-Provence,Jean Némarre
207,Saint-Étienne,Alain Broglio
390,Limoges,Alain Broglio
3820,Paris,Éva Sionfiscal
4353,Saint-Étienne,Alain Broglio
4809,Saint-Étienne,Marie Rouanna
3170,Marseille,Jean Némarre
1729,Nîmes,Luc Ratif
3478,Paris,Jean Ticipe
4138,Brest,Éva Sionfiscal
701,Tours,Alain Broglio
2670,Brest,Luc Ratif
3731,Bordeaux,Jean Ticipe
130,Clermont-Ferrand,Alain Broglio
1738,Toulon,Marie Rouanna
2241,Clermont-Ferrand,Alain Broglio
3626,Tours,Jean Némarre
3298,Dijon,Luc Ratif
4311,Lyon,Éva Sionfiscal
417,Reims,Jean Ticipe
733,Limoges,Luc Ratif
1993,Le Havre,Marie Rouanna
4879,Villeurbanne,Alain Broglio
4809,Lille,Marie Rouanna
3992,Nantes,Jean Ticipe
4408,Rennes,Jean Ticipe
1320,Le Havre,Marie Rouanna
766,Clermont-Ferrand,Luc Ratif
351,Angers,Luc Ratif
3451,Nîmes,Alain Broglio
4811,Dijon,Marie Rouanna
1139,Marseille,Éva Sionfiscal
3486,Tours,Éva Sionfiscal
1168,Strasbourg,Jean Ticipe
4782,Clermont-Ferrand,Marie Rouanna
1086,Bordeaux,Alain Broglio
1538,Nantes,Jean Némarre
3592,Aix-en-Provence,Jean Ticipe
832,Clermont-Ferrand,Marie Rouanna
3924,Nantes,Éva Sionfiscal
3772,Bordeaux,Jean Némarre
2745,Bordeaux,Jean Ticipe
2047,Bordeaux,Jean Némarre
1349,Nice,Marie Rouanna
2588,Marseille,Jean Ticipe
2589,Le Havre,Alain Broglio
4763,Nantes,Jean Némarre
4608,Lyon,Jean Ticipe
3695,Lyon,Alain Broglio
1943,Toulon,Jean Ticipe
3992,Nantes,Alain Broglio
2394,Grenoble,Éva Sionfiscal
3147,Dijon,Éva Sionfiscal
305,Brest,Jean Ticipe
2739,Le Havre,Alain Broglio
4848,Villeurbanne,Éva Sionfiscal
663,Aix-en-Provence,Marie Rouanna
1900,Villeurbanne,Jean Ticipe
527,Montpellier,Luc Ratif
2361,Bordeaux,Alain Broglio
1151,Brest,Jean Némarre
3266,Nice,Jean Ticipe
402,Bordeaux,Jean Ticipe
4221,Strasbourg,Jean Némarre
665,Rennes,Jean Némarre
1894,Montpellier,Éva Sionfiscal
905,Clermont-Ferrand,Alain Broglio
2281,Marseille,Marie Rouanna
1694,Le Havre,Jean Ticipe
4348,Paris,Jean Némarre
1287,Nice,Alain Broglio
3173,Nice,Jean Ticipe
2100,Toulon,Jean Némarre
1044,Dijon,Luc Ratif
4376,Villeurbanne,Éva Sionfiscal
2598,Villeurbanne,Luc Ratif
2485,Villeurbanne,Éva Sionfiscal
2764,Nantes,Luc Ratif
4679,Dijon,Jean Némarre
3951,Nîmes,Marie Rouanna
3654,Marseille,Jean Ticipe
1245,Nantes,Luc Ratif
2463,Limoges,Jean Némarre
4287,Limoges,Éva Sionfiscal
2675,Nîmes,Jean Ticipe
4248,Villeurbanne,Éva Sionfiscal
4100,Nice,Jean Némarre
1595,Nîmes,Jean Némarre
3417,Toulon,Jean Némarre
4634,Toulouse,Alain Broglio
2113,Limoges,Alain Broglio
3087,Grenoble,Jean Némarre
1252,Bordeaux,Luc Ratif
4363,Le Havre,Luc Ratif
3173,Rennes,Alain Broglio
2042,Lyon,Jean Némarre
2565,Nice,Alain Broglio
4553,Reims,Éva Sionfiscal
860,Montpellier,Jean Ticipe
4115,Reims,Jean Ticipe
2557,Montpellier,Jean Ticipe
309,Aix-en-Provence,Jean Ticipe
4523,Strasbourg,Jean Ticipe
3591,Saint-Étienne,Jean Némarre
456,Brest,Jean Ticipe
2335,Rennes,Luc Ratif
431,Tours,Jean Ticipe
3598,Strasbourg,Luc Ratif
1820,Bordeaux,Alain Broglio
4089,Angers,Alain Broglio
2391,Dijon,Jean Némarre
1570,Saint-Étienne,Jean Némarre
4416,Toulouse,Jean Ticipe
219,Angers,Jean Ticipe
4351,Bordeaux,Jean Némarre
3516,Lille,Jean Némarre
2867,Nîmes,Luc Ratif
3882,Villeurbanne,Jean Ticipe
3775,Angers,Alain Broglio
3645,Paris,Alain Broglio
1827,Reims,Jean Ticipe
1300,Tours,Alain Broglio
2001,Le Havre,Jean Némarre
4306,Montpellier,Jean Ticipe
300,Grenoble,Alain Broglio
2540,Limoges,Marie Rouanna
337,Dijon,Alain Broglio
4393,Angers,Marie Rouanna
1365,Angers,Jean Némarre
3486,Rennes,Marie Rouanna
257,Angers,Jean Ticipe
4343,Marseille,Marie Rouanna
1286,Nîmes,Marie Rouanna
2068,Le Havre,Éva Sionfiscal
4740,Lille,Marie Rouanna
3980,Clermont-Ferrand,Marie Rouanna
4213,Rennes,Éva Sionfiscal
4732,Toulon,Jean Némarre
2986,Dijon,Luc Ratif
1377,Marseille,Jean Némarre
4936,Grenoble,Alain Broglio
4691,Paris,Éva Sionfiscal
3815,Villeurbanne,Alain Broglio
1639,Grenoble,Marie Rouanna
3260,Lille,Jean Ticipe
759,Nice,Éva Sionfiscal
3022,Saint-Étienne,Marie Rouanna
1050,Grenoble,Jean Ticipe
3945,Bordeaux,Éva Sionfiscal
3781,Reims,Jean Némarre
734,Nice,Jean Ticipe
4984,Angers,Éva Sionfiscal
603,Tours,Éva Sionfiscal
1702,Tours,Luc Ratif
2375,Tours,Alain Broglio
3793,Montpellier,Jean Némarre
1468,Rennes,Marie Rouanna
2113,Tours,Alain Broglio
3689,Clermont-Ferrand,Jean Némarre
687,Paris,Jean Némarre
2076,Reims,Éva Sionfiscal
593,Bordeaux,Alain Broglio
1749,Strasbourg,Jean Némarre
1091,Lille,Jean Némarre
1224,Reims,Marie Rouanna
534,Toulouse,Éva Sionfiscal
2599,Toulon,Marie Rouanna
1638,Villeurbanne,Jean Ticipe
1105,Le Havre,Marie Rouanna
3863,Dijon,Jean Ticipe
3042,Nantes,Luc Ratif
2013,Strasbourg,Luc Ratif
2807,Toulouse,Jean Némarre
4047,Nice,Marie Rouanna
4160,Dijon,Luc Ratif
335,Toulouse,Luc Ratif
3370,Tours,Luc Ratif
1222,Nantes,Alain Broglio
3978,Marseille,Jean Némarre
2639,Strasbourg,Éva Sionfiscal
3991,Tours,Alain Broglio
2319,Nice,Luc Ratif
4665,Rennes,Marie Rouanna
2797,Limoges,Alain Broglio
4699,Reims,Alain Broglio
4368,Grenoble,Jean Ticipe
3393,Saint-Étienne,Éva Sionfiscal
2854,Limoges,Jean Ticipe
4112,Nantes,Jean Ticipe
3261,Marseille,Alain Broglio
432,Bordeaux,Luc Ratif
2690,Nîmes,Éva Sionfiscal
4480,Grenoble,Éva Sionfiscal
3801,Villeurbanne,Marie Rouanna
487,Lille,Marie Rouanna
4229,Angers,Marie Rouanna
915,Rennes,Éva Sionfiscal
4018,Bordeaux,Éva Sionfiscal
1954,Montpellier,Jean Némarre
3047,Montpellier,Alain Broglio
3052,Paris,Marie Rouanna
3193,Brest,Luc Ratif
2575,Brest,Alain Broglio
3580,Nantes,Marie Rouanna
2102,Montpellier,Alain Broglio
4047,Le Havre,Marie Rouanna
815,Lille,Marie Rouanna
3336,Toulon,Luc Ratif
1325,Clermont-Ferrand,Alain Broglio
1023,Tours,Jean Ticipe
2685,Nantes,Luc Ratif
2057,Toulon,Éva Sionfiscal
4468,Le Havre,Alain Broglio
1333,Strasbourg,Jean Némarre
4527,Aix-en-Provence,Éva Sionfiscal
635,Reims,Luc Ratif
4247,Marseille,Éva Sionfiscal
221,Nantes,Jean Ticipe
4461,Toulouse,Éva Sionfiscal
3712,Le Havre,Jean Némarre
4940,Nantes,Marie Rouanna
309,Rennes,Jean Ticipe
2805,Strasbourg,Luc Ratif
3266,Toulouse,Jean Ticipe
277,Marseille,Luc Ratif
3819,Paris,Éva Sionfiscal
2211,Strasbourg,Luc Ratif
1007,Angers,Jean Ticipe
3073,Nîmes,Alain Broglio
2381,Saint-Étienne,Jean Némarre
3309,Lille,Éva Sionfiscal
3731,Grenoble,Marie Rouanna
4571,Clermont-Ferrand,Éva Sionfiscal
4449,Nîmes,Luc Ratif
4834,Rennes,Alain Broglio
4949,Saint-Étienne,Alain Broglio
490,Grenoble,Éva Sionfiscal
3279,Bordeaux,Marie Rouanna
855,Angers,Jean Némarre
1924,Aix-en-Provence,Marie Rouanna
2388,Limoges,Alain Broglio
4299,Rennes,Jean Némarre
1140,Le Havre,Jean Ticipe
1183,Lille,Jean Némarre
430,Nice,Luc Ratif
2485,Angers,Alain Broglio
1181,Angers,Marie Rouanna
4165,Strasbourg,Jean Ticipe
2521,Dijon,Éva Sionfiscal
1421,Villeurbanne,Jean Némarre
4228,Bordeaux,Éva Sionfiscal
4560,Toulouse,Alain Broglio
861,Dijon,Marie Rouanna
294,Lille,Luc Ratif
3221,Lyon,Jean Ticipe
2603,Marseille,Jean Ticipe
193,Rennes,Luc Ratif
2584,Grenoble,Jean Némarre
3907,Tours,Alain Broglio
2443,Nice,Marie Rouanna
4332,Reims,Éva Sionfiscal
2111,Lille,Éva Sionfiscal
1487,Nîmes,Jean Némarre
1131,Le Havre,Marie Rouanna
3727,Tours,Jean Ticipe
2464,Toulon,Jean Ticipe
315,Grenoble,Jean Némarre
1831,Clermont-Ferrand,Jean Némarre
4012,Marseille,Luc Ratif
648,Aix-en-Provence,Luc Ratif
1878,Tours,Alain Broglio
1996,Grenoble,Jean Ticipe
3379,Clermont-Ferrand,Marie Rouanna
457,Toulon,Marie Rouanna
734,Le Havre,Luc Ratif
168,Nice,Luc Ratif
4655,Bordeaux,Jean Ticipe
3589,Bordeaux,Marie Rouanna
3663,Limoges,Marie Rouanna
3390,Toulouse,Luc Ratif
1082,Paris,Luc Ratif
4519,Toulon,Jean Ticipe
716,Lyon,Éva Sionfiscal
4966,Nantes,Luc Ratif
4522,Toulouse,Alain Broglio
3698,Saint-Étienne,Jean Némarre
2708,Grenoble,Jean Némarre
3326,Angers,Alain Broglio
993,Paris,Jean Némarre
432,Bordeaux,Éva Sionfiscal
3401,Montpellier,Éva Sionfiscal
2709,Marseille,Marie Rouanna
151,Marseille,Luc Ratif
3906,Clermont-Ferrand,Éva Sionfiscal
1222,Clermont-Ferrand,Marie Rouanna
2358,Villeurbanne,Alain Broglio
710,Reims,Marie Rouanna
4190,Dijon,Jean Ticipe
746,Paris,Alain Broglio
4916,Rennes,Jean Ticipe
2206,Nice,Jean Némarre
2196,Paris,Éva Sionfiscal
1776,Nice,Jean Ticipe
2769,Grenoble,Alain Broglio
1236,Villeurbanne,Marie Rouanna
3736,Rennes,Jean Némarre
4196,Nantes,Marie Rouanna
1886,Villeurbanne,Luc Ratif
4705,Brest,Marie Rouanna
4362,Clermont-Ferrand,Jean Némarre
434,Reims,Alain Broglio
4713,Aix-en-Provence,Alain Broglio
3384,Villeurbanne,Alain Broglio
2934,Toulon,Marie Rouanna
3460,Toulouse,Alain Broglio
4774,Villeurbanne,Éva Sionfiscal
3060,Le Havre,Marie Rouanna
1364,Rennes,Jean Ticipe
3064,Toulon,Marie Rouanna
2282,Reims,Marie Rouanna
827,Clermont-Ferrand,Jean Ticipe
4833,Toulon,Luc Ratif
3482,Toulouse,Jean Némarre
1710,Nice,Alain Broglio
1716,Limoges,Jean Ticipe
4163,Bordeaux,Marie Rouanna
407,Rennes,Jean Ticipe
4201,Villeurbanne,Luc Ratif
673,Toulouse,Luc Ratif
2359,Clermont-Ferrand,Jean Némarre
1972,Toulouse,Jean Ticipe
3884,Toulouse,Marie Rouanna
3272,Clermont-Ferrand,Jean Némarre
2035,Toulouse,Éva Sionfiscal
1006,Toulouse,Jean Némarre
840,Tours,Jean Némarre
2348,Clermont-Ferrand,Jean Ticipe
3354,Montpellier,Alain Broglio
1364,Grenoble,Jean Némarre
4604,Toulon,Éva Sionfiscal
2518,Paris,Jean Némarre
351,Angers,Marie Rouanna
4597,Marseille,Jean Ticipe
3496,Tours,Alain Broglio
2614,Dijon,Éva Sionfiscal
4452,Rennes,Alain Broglio
4957,Clermont-Ferrand,Luc Ratif
799,Rennes,Luc Ratif
1688,Montpellier,Jean Ticipe
2698,Angers,Éva Sionfiscal
2085,Lille,Alain Broglio
3306,Brest,Jean Némarre
1806,Bordeaux,Marie Rouanna
2945,Strasbourg,Marie Rouanna
1472,Le Havre,Jean Ticipe
3031,Toulouse,Alain Broglio
4113,Clermont-Ferrand,Luc Ratif
3173,Toulouse,Marie Rouanna
2901,Rennes,Jean Ticipe
1923,Grenoble,Alain Broglio
1034,Brest,Jean Ticipe
3790,Toulon,Alain Broglio
1074,Angers,Éva Sionfiscal
1817,Villeurbanne,Éva Sionfiscal
2011,Paris,Alain Broglio
394,Montpellier,Alain Broglio
4530,Bordeaux,Jean Ticipe
4612,Le Havre,Marie Rouanna
3486,Toulouse,Jean Ticipe
2505,Clermont-Ferrand,Alain Broglio
4943,Saint-Étienne,Jean Némarre
3120,Paris,Marie Rouanna
3611,Bordeaux,Marie Rouanna
3550,Brest,Éva Sionfiscal
1756,Limoges,Luc Ratif
253,Grenoble,Jean Ticipe
3727,Toulouse,Jean Ticipe
971,Grenoble,Jean Némarre
2449,Angers,Jean Ticipe
3683,Le Havre,Luc Ratif
2251,Rennes,Luc Ratif
4168,Tours,Luc Ratif
1326,Limoges,Éva Sionfiscal
1814,Montpellier,Jean Ticipe
4579,Marseille,Jean Ticipe
5000,Reims,Luc Ratif
113,Lille,Éva Sionfiscal
1902,Toulouse,Luc Ratif
1456,Villeurbanne,Éva Sionfiscal
3186,Grenoble,Jean Némarre
4748,Grenoble,Jean Némarre
1091,Toulon,Éva Sionfiscal
4375,Aix-en-Provence,Éva Sionfiscal
1570,Tours,Alain Broglio
2994,Limoges,Éva Sionfiscal
3047,Strasbourg,Marie Rouanna
3446,Rennes,Jean Némarre
3667,Nantes,Éva Sionfiscal
937,Marseille,Marie Rouanna
3399,Toulouse,Jean Ticipe
3031,Brest,Luc Ratif
3596,Aix-en-Provence,Éva Sionfiscal
3085,Clermont-Ferrand,Jean Ticipe
2306,Reims,Luc Ratif
1581,Le Havre,Éva Sionfiscal
3698,Dijon,Luc Ratif
2408,Reims,Alain Broglio
421,Saint-Étienne,Marie Rouanna
978,Villeurbanne,Jean Ticipe
4286,Clermont-Ferrand,Éva Sionfiscal
4928,Aix-en-Provence,Marie Rouanna
426,Bordeaux,Jean Némarre
3873,Lille,Marie Rouanna
3083,Lille,Jean Ticipe
4613,Strasbourg,Jean Ticipe
3057,Tours,Jean Némarre
4609,Angers,Jean Némarre
1136,Nîmes,Luc Ratif
2872,Brest,Éva Sionfiscal
3302,Dijon,Jean Némarre
3546,Dijon,Jean Némarre
2600,Nîmes,Marie Rouanna
308,Nîmes,Jean Ticipe
3982,Paris,Alain Broglio
1169,Angers,Jean Némarre
3996,Aix-en-Provence,Luc Ratif
1070,Nîmes,Luc Ratif
4946,Saint-Étienne,Marie Rouanna
3776,Nîmes,Marie Rouanna
1185,Bordeaux,Alain Broglio
2292,Limoges,Éva Sionfiscal
3257,Strasbourg,Alain Broglio
3474,Toulouse,Luc Ratif
3503,Lille,Éva Sionfiscal
218,Rennes,Jean Némarre
614,Dijon,Alain Broglio
4063,Strasbourg,Alain Broglio
1388,Nîmes,Alain Broglio
4077,Tours,Marie Rouanna
4810,Grenoble,Luc Ratif
4941,Montpellier,Luc Ratif
154,Bordeaux,Marie Rouanna
3459,Marseille,Alain Broglio
2186,Paris,Éva Sionfiscal
680,Strasbourg,Luc Ratif
2696,Saint-Étienne,Luc Ratif
2796,Dijon,Jean Ticipe
2530,Toulon,Jean Ticipe
4782,Toulouse,Marie Rouanna
4957,Le Havre,Alain Broglio
3441,Paris,Éva Sionfiscal
372,Nice,Éva Sionfiscal
1283,Aix-en-Provence,Marie Rouanna
3458,Nice,Jean Némarre
596,Nice,Jean Ticipe
3494,Dijon,Luc Ratif
154,Le Havre,Jean Némarre
1164,Limoges,Jean Ticipe
296,Nantes,Marie Rouanna
3362,Strasbourg,Luc Ratif
4549,Marseille,Éva Sionfiscal
3353,Bordeaux,Alain Broglio
139,Brest,Luc Ratif
4512,Brest,Jean Ticipe
1297,Nantes,Marie Rouanna
4200,Nîmes,Jean Ticipe
1598,Bordeaux,Alain Broglio
4258,Angers,Jean Némarre
3796,Le Havre,Alain Broglio
4080,Angers,Jean Némarre
4590,Aix-en-Provence,Jean Némarre
714,Clermont-Ferrand,Éva Sionfiscal
4526,Reims,Marie Rouanna
3019,Le Havre,Éva Sionfiscal
4698,Dijon,Jean Némarre
2948,Villeurbanne,Alain Broglio
3365,Paris,Jean Ticipe
4448,Paris,Luc Ratif
4142,Grenoble,Jean Némarre
3539,Strasbourg,Luc Ratif
4341,Dijon,Jean Ticipe
3427,Angers,Alain Broglio
797,Rennes,Jean Ticipe
3209,Clermont-Ferrand,Marie Rouanna
4157,Clermont-Ferrand,Éva Sionfiscal
4368,Montpellier,Jean Ticipe
1740,Nantes,Jean Ticipe
2655,Paris,Jean Ticipe
1494,Nîmes,Alain Broglio
1907,Brest,Jean Ticipe
1045,Saint-Étienne,Luc Ratif
187,Aix-en-Provence,Marie Rouanna
1505,Nantes,Jean Némarre
405,Dijon,Éva Sionfiscal
3523,Rennes,Jean Némarre
4467,Paris,Luc Ratif
2274,Montpellier,Marie Rouanna
4617,Reims,Éva Sionfiscal
2885,Marseille,Alain Broglio
3167,Le Havre,Jean Ticipe
408,Lyon,Alain Broglio
1138,Marseille,Jean Ticipe
1202,Brest,Marie Rouanna
3644,Rennes,Jean Némarre
648,Strasbourg,Alain Broglio
604,Lyon,Jean Ticipe
4393,Nice,Alain Broglio
591,Nice,Luc Ratif
3991,Le Havre,Luc Ratif
1631,Reims,Marie Rouanna
677,Toulouse,Alain Broglio
828,Montpellier,Alain Broglio
3968,Toulon,Éva Sionfiscal
996,Tours,Alain Broglio
2852,Nantes,Jean Ticipe
1196,Nice,Jean Némarre
3369,Nantes,Éva Sionfiscal
4268,Grenoble,Marie Rouanna
708,Toulon,Marie Rouanna
896,Toulon,Jean Ticipe
3660,Le Havre,Marie Rouanna
3928,Le Havre,Marie Rouanna
2554,Marseille,Alain Broglio
3828,Tours,Alain Broglio
177,Nîmes,Luc Ratif
1093,Villeurbanne,Luc Ratif
4285,Bordeaux,Jean Ticipe
3274,Clermont-Ferrand,Jean Némarre
3391,Rennes,Luc Ratif
2632,Rennes,Alain Broglio
2845,Grenoble,Éva Sionfiscal
129,Nîmes,Jean Ticipe
4951,Marseille,Éva Sionfiscal
2726,Aix-en-Provence,Jean Némarre
4775,Clermont-Ferrand,Marie Rouanna
3233,Montpellier,Jean Ticipe
2063,Rennes,Jean Ticipe
3702,Aix-en-Provence,Luc Ratif
1288,Brest,Jean Ticipe
3393,Villeurbanne,Éva Sionfiscal
1570,Nice,Marie Rouanna
3035,Strasbourg,Jean Némarre
1280,Toulon,Alain Broglio
3630,Bordeaux,Marie Rouanna
2048,Le Havre,Luc Ratif
3314,Lille,Jean Ticipe
3556,Angers,Alain Broglio
2265,Le Havre,Marie Rouanna
3918,Nice,Alain Broglio
4995,Tours,Marie Rouanna
2189,Toulouse,Marie Rouanna
4317,Clermont-Ferrand,Jean Ticipe
3603,Marseille,Jean Némarre
538,Le Havre,Alain Broglio
971,Nantes,Alain Broglio
3891,Toulon,Jean Ticipe
4500,Lyon,Marie Rouanna
4066,Nantes,Luc Ratif
4905,Rennes,Alain Broglio
2661,Nice,Marie Rouanna
3301,Nîmes,Alain Broglio
588,Marseille,Alain Broglio
4943,Rennes,Luc Ratif
4809,Grenoble,Éva Sionfiscal
2160,Strasbourg,Jean Némarre
3054,Le Havre,Marie Rouanna
508,Nîmes,Jean Némarre
1787,Toulouse,Luc Ratif
965,Villeurbanne,Jean Némarre
2307,Marseille,Jean Némarre
3843,Tours,Jean Ticipe
1019,Montpellier,Jean Ticipe
1754,Rennes,Jean Ticipe
381,Strasbourg,Marie Rouanna
2589,Toulon,Luc Ratif
4035,Bordeaux,Jean Némarre
417,Angers,Éva Sionfiscal
1980,Toulouse,Jean Némarre
1780,Angers,Alain Broglio
1457,Lille,Jean Némarre
3235,Aix-en-Provence,Alain Broglio
2625,Le Havre,Jean Némarre
3342,Clermont-Ferrand,Alain Broglio
306,Rennes,Luc Ratif
2633,Rennes,Marie Rouanna
4731,Tours,Jean Némarre
3253,Marseille,Marie Rouanna
1344,Montpellier,Jean Némarre
4848,Dijon,Alain Broglio
4944,Montpellier,Jean Ticipe
1183,Le Havre,Alain Broglio
1680,Paris,Marie Rouanna
809,Villeurbanne,Éva Sionfiscal
616,Strasbourg,Jean Némarre
346,Tours,Marie Rouanna
1051,Limoges,Marie Rouanna
324,Lille,Luc Ratif
3722,Brest,Jean Némarre
2609,Tours,Alain Broglio
4194,Saint-Étienne,Éva Sionfiscal
961,Marseille,Luc Ratif
1416,Nice,Jean Némarre
4056,Dijon,Luc Ratif
4061,Brest,Jean Némarre
2391,Grenoble,Jean Ticipe
604,Marseille,Luc Ratif
407,Limoges,Luc Ratif
3793,Le Havre,Luc Ratif
3945,Clermont-Ferrand,Éva Sionfiscal
3542,Clermont-Ferrand,Luc Ratif
2445,Lille,Alain Broglio
4532,Rennes,Luc Ratif
3041,Villeurbanne,Luc Ratif
1359,Paris,Alain Broglio
2118,Tours,Jean Némarre
3476,Villeurbanne,Marie Rouanna
3528,Toulouse,Alain Broglio
224,Rennes,Jean Némarre
3738,Villeurbanne,Éva Sionfiscal
1544,Strasbourg,Marie Rouanna
3833,Tours,Jean Ticipe
4001,Aix-en-Provence,Luc Ratif
3945,Aix-en-Provence,Luc Ratif
4071,Marseille,Jean Ticipe
4955,Limoges,Luc Ratif
2729,Nantes,Luc Ratif
1368,Aix-en-Provence,Luc Ratif
3385,Nîmes,Jean Ticipe
2219,Nîmes,Jean Ticipe
1172,Nîmes,Alain Broglio
1234,Nantes,Éva Sionfiscal
1497,Grenoble,Alain Broglio
2599,Rennes,Alain Broglio
1111,Angers,Jean Ticipe
1202,Tours,Jean Ticipe
2602,Nantes,Éva Sionfiscal
2668,Paris,Marie Rouanna
2724,Lyon,Éva Sionfiscal
4995,Le Havre,Alain Broglio
2963,Clermont-Ferrand,Éva Sionfiscal
3774,Clermont-Ferrand,Marie Rouanna
265,Villeurbanne,Éva Sionfiscal
4845,Rennes,Marie Rouanna
1213,Paris,Alain Broglio
1732,Nantes,Éva Sionfiscal
3524,Le Havre,Luc Ratif
3772,Brest,Marie Rouanna
1511,Lyon,Jean Némarre
4262,Nîmes,Luc Ratif
2974,Lille,Jean Ticipe
1621,Brest,Luc Ratif
4552,Montpellier,Luc Ratif
4976,Paris,Éva Sionfiscal
878,Limoges,Luc Ratif
605,Reims,Jean Ticipe
4026,Tours,Marie Rouanna
4611,Brest,Éva Sionfiscal
3222,Nice,Alain Broglio
4776,Montpellier,Alain Broglio
2161,Lille,Marie Rouanna
1201,Bordeaux,Alain Broglio
2421,Bordeaux,Marie Rouanna
696,Montpellier,Marie Rouanna
332,Toulouse,Éva Sionfiscal
324,Toulouse,Alain Broglio
1775,Reims,Jean Ticipe
1161,Bordeaux,Luc Ratif
1567,Brest,Marie Rouanna
1966,Nîmes,Alain Broglio
2266,Toulouse,Jean Ticipe
1042,Aix-en-Provence,Éva Sionfiscal
4557,Montpellier,Éva Sionfiscal
2936,Toulon,Jean Ticipe
2952,Rennes,Alain Broglio
3287,Villeurbanne,Éva Sionfiscal
1573,Rennes,Alain Broglio
258,Grenoble,Alain Broglio
4938,Strasbourg,Éva Sionfiscal
661,Lille,Luc Ratif
1741,Rennes,Jean Némarre
4377,Lyon,Marie Rouanna
4746,Strasbourg,Jean Ticipe
4997,Paris,Jean Némarre
1634,Rennes,Alain Broglio
4798,Paris,Éva Sionfiscal
1055,Toulouse,Alain Broglio
2550,Nantes,Alain Broglio
4903,Rennes,Alain Broglio
1928,Nîmes,Jean Ticipe
914,Grenoble,Marie Rouanna
105,Strasbourg,Jean Ticipe
4782,Lille,Jean Ticipe
4558,Brest,Luc Ratif
4695,Strasbourg,Jean Némarre
1524,Grenoble,Luc Ratif
2729,Angers,Marie Rouanna
4833,Toulon,Marie Rouanna
3231,Dijon,Marie Rouanna
1919,Aix-en-Provence,Éva Sionfiscal
1686,Brest,Éva Sionfiscal
1085,Brest,Luc Ratif
2605,Brest,Jean Némarre
3202,Rennes,Luc Ratif
4614,Reims,Luc Ratif
3282,Marseille,Jean Ticipe
1908,Clermont-Ferrand,Luc Ratif
1495,Nice,Jean Némarre
3606,Villeurbanne,Luc Ratif
2961,Toulouse,Jean Némarre
1862,Aix-en-Provence,Marie Rouanna
659,Saint-Étienne,Luc Ratif
4639,Aix-en-Provence,Luc Ratif
912,Aix-en-Provence,Jean Ticipe
3365,Aix-en-Provence,Luc Ratif
4457,Lille,Luc Ratif
2981,Montpellier,Marie Rouanna
3669,Lyon,Jean Némarre
562,Montpellier,Luc Ratif
4511,Toulon,Luc Ratif
2404,Angers,Alain Broglio
1735,Grenoble,Éva Sionfiscal
4658,Limoges,Luc Ratif
4688,Limoges,Luc Ratif
3759,Nice,Jean Ticipe
3480,Bordeaux,Luc Ratif
1826,Nîmes,Luc Ratif
1342,Montpellier,Luc Ratif
101,Nantes,Luc Ratif
454,Angers,Luc Ratif
812,Angers,Luc Ratif
2812,Reims,Jean Ticipe
3865,Brest,Jean Ticipe
1117,Angers,Alain Broglio
1676,Nantes,Alain Broglio
672,Toulon,Jean Ticipe
213,Saint-Étienne,Luc Ratif
749,Toulon,Luc Ratif
4476,Aix-en-Provence,Marie Rouanna
2612,Rennes,Jean Ticipe
1120,Villeurbanne,Marie Rouanna
3527,Montpellier,Jean Ticipe
3093,Brest,Éva Sionfiscal
2574,Clermont-Ferrand,Alain Broglio
3147,Nice,Alain Broglio
1141,Montpellier,Marie Rouanna
833,Le Havre,Marie Rouanna
3555,Saint-Étienne,Éva Sionfiscal
3793,Paris,Jean Némarre
1274,Angers,Jean Ticipe
3037,Paris,Luc Ratif
2566,Rennes,Jean Némarre
2139,Lille,Éva Sionfiscal
1231,Toulon,Éva Sionfiscal
114,Aix-en-Provence,Marie Rouanna
867,Brest,Jean Ticipe
3343,Brest,Éva Sionfiscal
1103,Lyon,Jean Ticipe
2769,Toulon,Marie Rouanna
4198,Lille,Éva Sionfiscal
2855,Villeurbanne,Alain Broglio
3420,Clermont-Ferrand,Alain Broglio
3864,Angers,Jean Némarre
311,Lille,Alain Broglio
1219,Dijon,Jean Ticipe
3539,Nîmes,Éva Sionfiscal
1095,Rennes,Jean Ticipe
905,Dijon,Éva Sionfiscal
4902,Angers,Marie Rouanna
2315,Brest,Jean Némarre
4259,Limoges,Jean Ticipe
4411,Paris,Jean Ticipe
1990,Le Havre,Jean Ticipe
2722,Brest,Jean Némarre
1647,Aix-en-Provence,Alain Broglio
3818,Bordeaux,Jean Némarre
527,Angers,Alain Broglio
4879,Lille,Jean Ticipe
4373,Tours,Luc Ratif
2581,Paris,Alain Broglio
1180,Villeurbanne,Jean Némarre
2794,Limoges,Luc Ratif
2273,Montpellier,Jean Ticipe
3908,Aix-en-Provence,Alain Broglio
3567,Rennes,Jean Ticipe
3874,Limoges,Jean Ticipe
1277,Limoges,Jean Némarre
4525,Strasbourg,Luc Ratif
302,Bordeaux,Jean Némarre
1803,Nîmes,Alain Broglio
2015,Paris,Jean Ticipe
1403,Angers,Jean Ticipe
4471,Lille,Alain Broglio
3880,Le Havre,Jean Némarre
4006,Montpellier,Marie Rouanna
1247,Nîmes,Alain Broglio
865,Reims,Alain Broglio
2085,Paris,Jean Ticipe
2371,Reims,Alain Broglio
1623,Bordeaux,Éva Sionfiscal
1206,Dijon,Alain Broglio
3563,Clermont-Ferrand,Jean Ticipe
2665,Lille,Marie Rouanna
3108,Aix-en-Provence,Jean Ticipe
3797,Tours,Marie Rouanna
2014,Tours,Jean Némarre
1816,Limoges,Éva Sionfiscal
3408,Nantes,Éva Sionfiscal
2612,Clermont-Ferrand,Jean Ticipe
4908,Paris,Marie Rouanna
1557,Rennes,Jean Ticipe
866,Brest,Éva Sionfiscal
4285,Dijon,Éva Sionfiscal
3037,Aix-en-Provence,Jean Ticipe
1413,Le Havre,Alain Broglio
676,Villeurbanne,Marie Rouanna
2831,Lille,Jean Ticipe
686,Tours,Jean Némarre
1716,Aix-en-Provence,Marie Rouanna
4066,Paris,Jean Ticipe
824,Clermont-Ferrand,Luc Ratif
4398,Saint-Étienne,Luc Ratif
3394,Nice,Luc Ratif
1106,Nice,Éva Sionfiscal
980,Rennes,Jean Némarre
815,Grenoble,Éva Sionfiscal
2077,Bordeaux,Marie Rouanna
429,Nantes,Luc Ratif
1096,Nice,Marie Rouanna
2082,Montpellier,Luc Ratif
1226,Nantes,Luc Ratif
2951,Montpellier,Marie Rouanna
614,Rennes,Alain Broglio
2031,Marseille,Luc Ratif
144,Brest,Jean Némarre
106,Clermont-Ferrand,Jean Némarre
1986,Nantes,Marie Rouanna
3325,Villeurbanne,Jean Ticipe
249,Nîmes,Marie Rouanna
1920,Saint-Étienne,Jean Némarre
973,Lyon,Jean Némarre
2975,Villeurbanne,Marie Rouanna
593,Nice,Luc Ratif
4893,Toulon,Éva Sionfiscal
205,Limoges,Alain Broglio
2699,Rennes,Luc Ratif
963,Grenoble,Alain Broglio
2173,Marseille,Jean Ticipe
598,Dijon,Jean Némarre
1799,Lyon,Luc Ratif
1038,Dijon,Éva Sionfiscal
4036,Grenoble,Éva Sionfiscal
1922,Marseille,Alain Broglio
3994,Paris,Luc Ratif
4821,Saint-Étienne,Alain Broglio
162,Montpellier,Éva Sionfiscal
3597,Strasbourg,Jean Némarre
708,Angers,Jean Ticipe
4738,Nîmes,Marie Rouanna
4818,Clermont-Ferrand,Marie Rouanna
2348,Toulon,Alain Broglio
2390,Villeurbanne,Éva Sionfiscal
587,Rennes,Alain Broglio
505,Angers,Alain Broglio
4734,Le Havre,Luc Ratif
2545,Nantes,Alain Broglio
2390,Marseille,Jean Némarre
4601,Limoges,Luc Ratif
1923,Le Havre,Jean Némarre
4354,Angers,Éva Sionfiscal
2773,Angers,Éva Sionfiscal
4574,Reims,Alain Broglio
2084,Brest,Éva Sionfiscal
2139,Brest,Éva Sionfiscal
441,Rennes,Jean Némarre
679,Bordeaux,Éva Sionfiscal
359,Strasbourg,Jean Némarre
3377,Lille,Jean Ticipe
4162,Limoges,Jean Némarre
428,Brest,Jean Némarre
2872,Paris,Alain Broglio
2837,Tours,Luc Ratif
4472,Toulouse,Marie Rouanna
1009,Lyon,Jean Némarre
1587,Saint-Étienne,Jean Ticipe
868,Reims,Jean Ticipe
227,Nîmes,Jean Némarre
352,Brest,Éva Sionfiscal
3766,Aix-en-Provence,Marie Rouanna
3639,Aix-en-Provence,Jean Némarre
866,Nîmes,Jean Némarre
4303,Grenoble,Éva Sionfiscal
3150,Grenoble,Alain Broglio
2901,Tours,Jean Némarre
1330,Limoges,Marie Rouanna
3872,Paris,Jean Némarre
4710,Nantes,Jean Némarre
4423,Dijon,Alain Broglio
186,Lille,Alain Broglio
4444,Saint-Étienne,Éva Sionfiscal
166,Brest,Jean Ticipe
598,Le Havre,Alain Broglio
2126,Strasbourg,Jean Némarre
2253,Nantes,Jean Ticipe
3640,Villeurbanne,Marie Rouanna
2850,Marseille,Luc Ratif
1451,Toulon,Alain Broglio
2254,Lyon,Jean Némarre
3212,Brest,Éva Sionfiscal
4302,Toulon,Luc Ratif
2815,Nantes,Alain Broglio
452,Nîmes,Alain Broglio
1497,Angers,Éva Sionfiscal
2253,Grenoble,Luc Ratif
1118,Reims,Luc Ratif
1892,Paris,Jean Ticipe
3298,Saint-Étienne,Jean Némarre
515,Villeurbanne,Luc Ratif
424,Rennes,Jean Némarre
4507,Nîmes,Alain Broglio
3774,Brest,Luc Ratif
1312,Rennes,Jean Némarre
193,Nîmes,Alain Broglio
3938,Strasbourg,Jean Némarre
696,Rennes,Luc Ratif
4945,Marseille,Jean Ticipe
1977,Marseille,Éva Sionfiscal
2490,Rennes,Alain Broglio
4105,Grenoble,Alain Broglio
4616,Rennes,Éva Sionfiscal
3340,Tours,Jean Ticipe
3168,Reims,Luc Ratif
3047,Nîmes,Jean Némarre
2916,Toulon,Alain Broglio
3821,Limoges,Jean Ticipe
1826,Paris,Éva Sionfiscal
3281,Marseille,Alain Broglio
2073,Clermont-Ferrand,Alain Broglio
4966,Lille,Alain Broglio
1028,Nice,Éva Sionfiscal
488,Strasbourg,Éva Sionfiscal
4524,Paris,Jean Ticipe
1649,Grenoble,Luc Ratif
4642,Brest,Jean Némarre
1871,Marseille,Éva Sionfiscal
672,Rennes,Jean Ticipe
1000,Lyon,Jean Ticipe
212,Bordeaux,Marie Rouanna
3605,Toulouse,Jean Ticipe
1700,Bordeaux,Alain Broglio
3376,Brest,Luc Ratif
1670,Toulon,Marie Rouanna
1123,Nice,Jean Ticipe
1229,Marseille,Luc Ratif
1716,Reims,Marie Rouanna
2085,Nîmes,Luc Ratif
1065,Angers,Marie Rouanna
2484,Aix-en-Provence,Jean Ticipe
2005,Montpellier,Marie Rouanna
4407,Tours,Jean Ticipe
4518,Dijon,Jean Ticipe
1932,Paris,Éva Sionfiscal
3359,Angers,Jean Némarre
1293,Lyon,Éva Sionfiscal
4555,Dijon,Marie Rouanna
4607,Villeurbanne,Jean Ticipe
2283,Rennes,Jean Ticipe
267,Aix-en-Provence,Luc Ratif
242,Grenoble,Éva Sionfiscal
3177,Dijon,Jean Némarre
477,Toulouse,Jean Ticipe
3165,Bordeaux,Alain Broglio
690,Aix-en-Provence,Marie Rouanna
4731,Grenoble,Alain Broglio
643,Strasbourg,Jean Némarre
1859,Lille,Jean Ticipe
3148,Dijon,Alain Broglio
4253,Lille,Jean Ticipe
2223,Strasbourg,Jean Némarre
1734,Le Havre,Luc Ratif
3583,Nîmes,Luc Ratif
3730,Villeurbanne,Jean Némarre
1644,Dijon,Luc Ratif
4449,Limoges,Éva Sionfiscal
1658,Reims,Luc Ratif
3602,Clermont-Ferrand,Éva Sionfiscal
3913,Nantes,Jean Ticipe
4143,Brest,Jean Némarre
2409,Toulon,Alain Broglio
3563,Strasbourg,Alain Broglio
1495,Nîmes,Alain Broglio
1434,Nantes,Marie Rouanna
1171,Tours,Éva Sionfiscal
2649,Strasbourg,Alain Broglio
4994,Tours,Jean Némarre
3545,Paris,Éva Sionfiscal
1649,Nantes,Alain Broglio
2804,Saint-Étienne,Éva Sionfiscal
3657,Bordeaux,Luc Ratif
728,Grenoble,Éva Sionfiscal
3139,Marseille,Alain Broglio
2809,Montpellier,Jean Némarre
651,Tours,Jean Ticipe
2391,Villeurbanne,Luc Ratif
1807,Nantes,Luc Ratif
4847,Paris,Luc Ratif
4505,Limoges,Marie Rouanna
2589,Clermont-Ferrand,Jean Ticipe
2942,Villeurbanne,Marie Rouanna
2001,Lyon,Alain Broglio
1608,Villeurbanne,Marie Rouanna
238,Lille,Luc Ratif
4693,Marseille,Luc Ratif
2581,Grenoble,Luc Ratif
2973,Clermont-Ferrand,Marie Rouanna
2630,Reims,Jean Némarre
4179,Toulouse,Jean Ticipe
1336,Toulouse,Éva Sionfiscal
3919,Dijon,Jean Némarre
4957,Toulon,Éva Sionfiscal
1395,Brest,Jean Némarre
3522,Villeurbanne,Alain Broglio
416,Nantes,Luc Ratif
1477,Marseille,Marie Rouanna
2181,Limoges,Jean Némarre
3087,Marseille,Marie Rouanna
3703,Paris,Éva Sionfiscal
4481,Lyon,Jean Ticipe
1365,Toulon,Marie Rouanna
1745,Lyon,Jean Némarre
3546,Paris,Jean Némarre
4816,Lyon,Luc Ratif
1490,Reims,Jean Némarre
3725,Lyon,Alain Broglio
4599,Saint-Étienne,Luc Ratif
4007,Clermont-Ferrand,Jean Némarre
3982,Nîmes,Jean Némarre
4119,Saint-Étienne,Éva Sionfiscal
4747,Bordeaux,Marie Rouanna
3587,Nice,Jean Némarre
4984,Nantes,Éva Sionfiscal
1330,Tours,Jean Némarre
2455,Grenoble,Luc Ratif
1463,Lyon,Marie Rouanna
1303,Aix-en-Provence,Jean Némarre